SnapshotNumber,R200_Au1_ckpc,R200_Au2_ckpc,R200_Au3_ckpc,R200_Au4_ckpc,R200_Au5_ckpc,R200_Au6_ckpc,R200_Au7_ckpc,R200_Au8_ckpc,R200_Au9_ckpc,R200_Au10_ckpc,R200_Au11_ckpc,R200_Au12_ckpc,R200_Au13_ckpc,R200_Au14_ckpc,R200_Au15_ckpc,R200_Au16_ckpc,R200_Au17_ckpc,R200_Au18_ckpc,R200_Au19_ckpc,R200_Au20_ckpc,R200_Au21_ckpc,R200_Au22_ckpc,R200_Au23_ckpc,R200_Au24_ckpc,R200_Au25_ckpc,R200_Au26_ckpc,R200_Au27_ckpc,R200_Au28_ckpc,R200_Au29_ckpc,R200_Au30_ckpc,Time_Gyr,Redshift,ExpansionFactor
0,,,,,,,,,,,,,,,,,,,,,,,,,,,,,,,0.052574206944318656,46.77304730532048,0.020932305063332858
1,,,,,,,,,,,,,,,,,,,,,,,,,,,,,,,0.05644686607379252,44.5622037875765,0.021948016488892295
2,,,,,,,,,,,,,,,,,,,,,,,,,,,,,,,0.06060478356641973,42.45367379881284,0.023013013919833868
3,,,,,,,,,,,,,,,,,,,,,,,,,,,,,,,0.06460813920813131,40.639556931125924,0.024015625374065677
4,,,,,,,,,,,,,,,,,,,,,,,,,,,,,,,0.06936720898859694,38.71255939348594,0.025180950693498495
5,,,,,,,,,,,,,,,,,,,,,,,,,,,,,,,0.07447682531689938,36.87473954609402,0.026402821827539905
6,,,,,,,,,,,,,,,,,,,,,,,,,,,,,,,0.07996280681870623,35.12197041925631,0.027683982584374985
7,,,,,,,,,,,,,,,,,,,,,,,,,,,,,,,0.08524485123671242,33.61393967978289,0.028890094836100794
8,,,,,,,,,,,,,,,,,,,,,,,,,,,,,,,0.09152397819451322,32.012074015330995,0.030291947108067017
9,,,,,,,,,,,,,,,,,,,,,,,,,,,,,,,0.09826560419965621,30.48433957173081,0.031761822340967284
10,,,,,,,,,,,,,,,,,,,,,,,,,,,,,,,0.10550379041006687,29.027305700565993,0.03330302125578822
11,,,,,,,,,,,,,,,,,,,,,,,,,,,,,,,0.11327510527375036,27.63770051714242,0.03491900473648028
12,,,,,,,,,,,,,,,,,,,,,,,,,,,,,,,0.12075750329935128,26.442125298337018,0.03644032629136781
13,,,,,,,,,,,,,,,,,,,,,,,,,,,,,,,0.12965230769485472,25.172157225310418,0.038208543200746396
14,,,,,,,,,,,,,,,,,,,,,,,,,,,,,,,0.13920223002726545,23.960960799485814,0.040062560413163244
15,6.913167480981261,9.975519503475168,9.427693082516887,8.450468137180874,5.785485910150318,3.337016598795198,4.65731442269277,9.117694042531793,0.0,0.0,5.0469850375094,6.318850514502481,6.785752053578836,8.46864315077181,5.992267143942709,6.197934556063674,11.355173509522352,8.039837611034695,0.0,4.486898676284351,0.0,5.730189233512606,3.7906103394623263,11.44885683729882,8.340401117897006,10.810498908432567,4.748300804102581,0.0,11.304782870351627,5.93264573343704,0.1494555068332514,22.805816183578962,0.04200654127077529
16,8.869265085637297,9.120031625089593,11.091178534031618,9.242612475514747,6.037962691515126,4.7933954651533055,5.4299407712131265,9.356157696711485,5.727805613908547,4.515134158723031,5.736727181201455,7.227994913862785,8.363866269087149,8.166085621398407,7.808981750529302,7.934792065393508,11.379302418722734,8.617357239709838,4.5563465912459575,5.927113729564951,9.029726179692357,6.456280717266438,6.5796668724410745,11.567910013164376,9.884687724086376,11.002263819703455,4.903073918024347,5.875225855710673,13.755858428221071,7.2382824759014035,0.15932754677170183,21.811963905687907,0.0438366466006314
17,10.241007590928893,10.253894528280902,12.507952141765298,11.61715178753891,9.019110174249088,5.8184030853454844,5.917944111918319,8.644787073838987,8.371186846562397,5.23677310427153,6.28558634366014,8.58919356132092,7.559633426949816,10.673825912011555,8.967405761459752,9.461620324249376,11.762091525803806,9.121688958754913,5.438946510717478,7.426147980642157,7.516081006948762,7.021548307555887,7.607695416123955,10.17607061938056,12.259334226845112,10.781624747867058,8.183871037896376,6.664166840169042,16.034719702837585,9.603003528910751,0.17106300649047537,20.756270677546635,0.0459637598199236
18,11.923030168323791,11.29718126075817,14.252222989782993,13.07851330525442,11.57175925992769,7.20709821758183,5.959148642560172,10.475518930331258,10.1503324749214,7.0922990022146095,8.525276275991216,10.367797051926217,10.209146519317306,12.431544387377485,9.589004831247596,7.815559551183569,12.33933974204205,9.098365354304013,6.17812007392985,7.857945928386097,7.892369957946124,7.833338096480604,7.577884023751027,11.39311009699992,16.72968258499941,10.09804401005266,9.78756055040171,8.76349943813821,17.695688233450134,11.531385457478777,0.1836627196688345,19.749432874416154,0.04819408829399815
19,13.899117470737473,12.287555623321877,16.79033192716483,14.77392029494896,14.735032046142011,8.182153237662837,7.803068395005368,11.564200938900118,11.490745052433619,8.516716133867444,10.89183537525045,11.298648949277705,10.092079807641813,13.869362422212205,10.068978142981088,9.356705331425937,9.590823638134868,10.09251131906048,9.099191272656299,8.713086811124496,10.168307536565152,7.668873840761305,9.989597219949067,14.922376713851957,19.005978153187108,11.382420569706653,10.223292947800546,10.219874525335804,19.29298134500586,14.880261749086328,0.19719030166495424,18.78918956244812,0.05053264040168657
20,14.966551664657644,17.533533388364802,18.14734326477369,18.84792816353984,11.381360343402513,8.396044790181893,9.43820876842652,12.420311348090328,12.48850526888145,9.561115313775952,14.553154105895281,12.633329570970652,10.507787464158241,12.782390655555854,11.621451785083504,12.912883006736594,13.03456510407956,9.405498416379471,10.425620269147418,9.564133145226233,11.820256241711435,7.708031440644872,13.186098446760871,16.7621696230161,20.919786264573787,12.89544252452552,11.312880580652529,11.477096098898013,20.385029554912364,16.80522319382933,0.21021479315974367,17.963024604582767,0.052734203580494826
21,18.436631818023145,20.4789039020748,20.303263638036096,23.69640008334092,14.538620141679354,10.755316293730363,11.199173886233838,11.20987646880888,13.320980121098351,11.865453627216125,16.387481661836397,13.56468787583099,10.28693263661251,16.71613120251707,14.077052715888184,14.872689685656889,17.52148267616648,10.285022442752815,11.740970828372397,11.146118595340848,13.064050801528209,9.364363971987148,14.16191617014557,18.146157295492454,22.735650903604824,14.305903559960992,13.191859261624069,13.136427909448047,20.994774428848604,17.26838198975685,0.22569760432258232,17.08545278556271,0.05529305856241996
22,21.594998566770478,23.079781259990153,22.140815161455517,25.874609258193544,18.849028929929492,14.41352030899174,12.317586894124698,12.7799857352289,14.599690001341944,9.90174410616523,18.512609435232477,14.53641036345893,11.451483010295853,22.407309192726004,15.468215296379986,19.515966931961273,25.78936788788478,16.61523998496067,13.183715514276907,12.068775211338169,15.333347364444377,11.000417528012449,16.871713056788785,19.69253755660646,25.290048709921173,15.632747576988534,14.250219347590592,13.046571840591904,27.79864446505062,19.902272719680447,0.2423204489771057,16.24849327990495,0.05797607847666511
23,25.451508189471966,25.955376102453982,25.451126150700027,28.11975767254671,25.412534737773434,16.097828934937432,14.78740296542196,14.367484636973083,16.400270341015045,11.122699481196964,20.66334067754941,16.45545020723688,16.42685639166948,28.896560680554895,17.049252520765688,21.829273536860708,30.04425187562619,20.273035850886558,14.433379453931638,14.957738662339496,16.443660600674054,13.579415607913258,16.677527421428792,21.127574129303035,28.014515610558806,17.389045775121375,14.394481585443382,13.790119610318959,30.505059346594045,23.562862415906164,0.26016719623837875,15.45026662890206,0.06078928825646293
24,28.013644342280358,28.835387752878294,29.77616509997917,29.753803463659054,29.168014344659653,20.692460827108363,16.136418973623837,17.328184799967183,18.391298382739958,12.77424415972832,24.34677024568026,15.867283652714262,21.53455123791252,31.079076724153047,11.691179357923131,23.455803608391268,33.647581105987214,24.83060723369903,16.08356157331775,17.04171481334092,17.525492709031653,15.265281247990629,17.81105981985517,22.19169640437294,31.796452089521903,17.29190623327503,16.83393656829298,18.796163284182285,37.54501697569272,28.041321539643135,0.2773499740676755,14.763496016419264,0.06343770436192578
25,30.29731820603115,32.41379926017169,32.35280498371938,32.18822872742485,28.384007569592104,25.182033431236242,17.328474764646604,18.707724056958767,21.60509373518294,15.098291825928026,26.37379101213847,18.265299796970154,25.998782852995234,33.376998710160905,16.267627303941914,19.61372625613188,36.694004997595655,27.99447918863481,18.71103460156884,19.245226498513478,18.831713503575422,18.471927802981714,20.702859702602115,23.464997275241167,36.90948860737116,20.075053189890355,12.626680996946764,17.578093126422804,41.697723457062864,30.30179822904022,0.29777559044036317,14.033992144452485,0.06651593205527902
26,33.33331436310192,38.005879416268044,35.20941332376195,34.29131918518491,31.460398142714585,26.734889112110597,18.934300533522368,20.80677424856954,25.68468376741273,17.190788266087804,28.335815714720308,21.21922907856374,29.29679988952835,35.1390412322747,18.583741481543047,27.376159055932742,39.0927357467487,34.06130710815423,23.68067877560357,20.953389185622182,17.225746187960414,20.564660612453626,21.668095776548213,24.66961499581176,42.06631666301397,23.4288245250434,15.126937862622523,19.85070298242942,44.65919456880177,32.07412831319263,0.3197047486478956,13.338248289848613,0.06974352653022431
27,37.5569371350733,44.11931056900328,35.37558919563395,37.29297582846714,33.38665412171358,38.26832356170794,20.540469862444837,23.850806962252896,31.16365021373101,20.565963392150742,30.13509464893648,25.38288138302199,31.7591139836457,36.369981149383854,21.41539636827314,29.411994198949284,41.00058790116566,36.88551636155207,26.02803218113175,22.29882254965699,19.37882738099683,23.802634346743716,24.01267871385974,26.249620165817152,46.14479768341299,28.677638721831944,17.8860150023655,25.870222683517177,47.13062262383819,36.19183289700419,0.343247955321711,12.674702104803705,0.07312773560520312
28,41.23108920770285,48.91444685291326,38.83052522214057,41.18255654126472,35.46295239279118,40.59309545248611,22.291651764362108,27.442095100096903,35.868537396091405,23.604773993124137,31.673377886869677,28.358116884472203,24.65295370778662,42.83182891364715,24.177785426866382,31.895861876156896,42.211024154687294,39.9929372780932,27.96220103512652,24.124278010951922,24.494421359833776,20.566602413837618,33.45331026773564,28.932865357810602,49.21895649047205,29.952785197271083,22.21711847358913,25.773836225293213,22.56382415608458,41.24716781788877,0.36852379870237556,12.041863543925086,0.07667615878911731
29,44.75718064260321,53.088987262371774,41.10282862258552,43.42076504267439,39.30586940580472,43.41668904628025,25.68978769546662,30.279153499241616,40.31191766481933,26.779755305730262,33.073852318867445,25.7267630019335,36.322743017201724,47.22361470880068,26.23212608823879,38.54231957015834,43.43534847953704,42.85309665477855,24.64556029558147,26.048975601579055,27.518321454780054,22.63154121553087,39.630349501758545,31.51087123629652,51.50005227963236,32.70246940533707,26.50591321218079,31.02889496949072,40.26086189339818,44.27965966248312,0.39285844643604356,11.497387954803507,0.08001672058325109
30,48.093822073827404,58.21454585680343,49.14686934723164,46.042941749245436,41.83869301542801,48.950512412376455,28.28579062343928,32.13782434585226,47.468130516763175,35.30565411252611,35.034172963617614,31.260819988861467,36.78668375579555,53.17755979089342,28.229119706614735,42.687253349031764,45.32069332817408,45.437726370964995,27.435589447052443,28.205480026920867,33.467467690140374,27.69048351690589,27.543426074513086,26.969029406662518,53.87168850926184,34.82819359897424,34.22535565621701,35.134803075538514,48.01374784662113,38.89825327550835,0.4217845366427611,10.919033198155363,0.08389942232519026
31,51.514613728652016,62.032740288855884,48.02723189133432,48.93143795858324,46.632647452777306,29.37410639699835,30.547754240718515,33.93461865381064,51.527493107683,38.45044061974718,37.12511788660646,34.64339952105105,40.96841418991156,57.05271922717039,30.81658035758605,49.66624418648186,47.5750409063379,47.41016506568264,34.46487472686019,28.657662766476165,37.63368570102744,29.992176417986414,48.42879037088713,29.9779227987686,55.55404983686279,37.065368671763416,37.00729877842868,43.670065954967434,51.63358445010636,46.07935086875534,0.45283841667700353,10.367443572408746,0.08797052684978504
32,55.763566495747064,65.46652675888717,57.28544405432987,50.845221333646556,48.93034956035527,36.13121516236306,33.095823670974504,37.6001295041454,58.056095963261804,40.49933928997974,39.06820555941377,40.201299575220546,43.14412224762415,59.040112403601135,35.88859855433877,54.90953668619972,50.30809131118248,48.857393897316776,37.33332077187213,34.53282540713825,44.414417655203785,28.06824565338353,51.96150014652727,40.29045753006177,57.20261584978919,39.642335624668085,44.95662961787877,48.91935563886062,56.034577654511665,54.110976707553625,0.48617612344336836,9.841380439471834,0.09223917614394847
33,58.07950202212391,69.43575018747237,73.67431369875497,53.35807448487481,50.892814019796894,43.4692784697499,36.20170818698676,44.97926885071662,62.606518548622375,48.94668652769632,43.377413261740614,45.2422159680649,39.33449757737679,46.46872258633134,41.31981565112542,58.713603929131544,53.1002450379823,47.11100397093099,39.62533902203736,43.61629743341747,49.56897546605795,30.93618872648709,56.30216970369143,26.82383543396306,59.72764476907276,55.75047823220769,33.579363823112914,52.34663920432782,65.24776970898664,54.61726878022522,0.5182708119347949,9.388771271940549,0.09625777426642748
34,61.790896003816584,72.00946019113425,83.07695300842573,58.06887639699933,52.42356367302588,47.535336358859965,38.40793537076849,49.593728280303154,65.6833323877224,54.99908767373439,48.69509063429127,49.388268378450405,48.683590992407865,55.760916960666854,45.463424662458735,63.37707151226085,55.84120007238153,50.99352933460938,40.99313402239228,48.34342806744192,31.40110792409394,38.64807559797612,60.16219600703102,46.54006763987086,62.3084348581772,60.77963662601351,43.64634107238198,56.544964962940014,62.511234231028254,60.66722927569147,0.5564188833202964,8.907999185598532,0.1009285508878038
35,65.40155268285379,78.31820660466305,88.30038498896351,63.82328180396418,54.68251770429596,55.70655201887582,41.24985583169421,57.42687535739779,69.5523737066876,58.21621143590988,52.75511286050077,54.3435146380477,52.34923376980056,60.73655694463673,48.72807239877522,71.45273900056671,30.918425297832112,60.025222739129184,44.25389815594078,50.89120890725868,44.750380902158774,44.56566378168605,59.90719749492337,50.6031956489026,64.46905925559913,40.13561089429001,48.93526384326338,60.7090941287431,74.17139286521405,64.91761125258083,0.5973702376992605,8.449476294368743,0.10582597054568338
36,75.19928604623853,83.78197120603461,96.59761847411178,67.7560823706376,57.275912324394014,68.46612479036952,44.824089648819644,62.52052409469123,73.61388011229889,53.359058440848585,58.044882163337256,57.581252003025654,68.24738423135123,70.78229118909776,50.50760350150662,80.50517793494691,44.319770985056344,66.52743468616008,46.732835059358045,53.415940990661895,53.98773484759861,48.02190533637015,65.91876171956957,51.560700247557584,66.8760739245984,41.25162310457448,56.15345492763331,66.42776929085034,79.9200374573157,69.26818083605092,0.6413297674135036,8.012172948865935,0.11096103078290759
37,82.44074576545188,90.03863391648251,107.08159791415326,72.68673522785137,61.16547379782898,74.253149162409,48.08020610205628,69.4091448974553,83.19745738192859,62.644898328560195,61.78942831529705,62.112297801751915,73.7361105314764,83.51359309146798,54.97652264986662,99.00657357025484,51.96898151010438,53.620532372716575,40.680420170918104,55.30636228254909,64.77448138864199,52.454841379678165,77.30109846062483,56.00336591138836,68.65717715810354,53.09796379927216,68.84570642085454,74.57151114105106,84.73965720439425,75.61526305383157,0.6885170787723454,7.5951071498715965,0.11634526278301709
38,71.22091567496977,94.85447725152765,113.5524661910029,77.54395418644162,54.32907412216448,77.9193856115624,50.79072996175833,78.20267148367579,86.71005927515502,75.08637297552772,64.95299518891136,64.30649763541851,79.62729131575618,88.96586904487762,51.93208041260759,103.73461944824372,67.66292537685268,60.93608562584312,50.732324753818006,57.64729798640476,73.35790314117821,54.327556960998216,80.83944811799172,65.21286950520188,70.17644915729211,60.54116747487308,77.37758866942384,61.49924925440653,87.71340852644269,92.5958970135884,0.7339395587934304,7.23627606616736,0.1214140944240273
39,91.8925718798897,100.04826961971585,120.31771870371479,80.62697959118613,57.03792690579934,81.2525831968784,53.61671198499718,83.59987338735799,93.69649849441774,82.93734119936519,68.32416028210912,63.78414894040398,95.68327601124479,92.86107040003934,56.119252837863456,107.29640814623721,100.58481696434072,69.19221833548364,53.30615019365558,70.0212644584344,77.84928836811252,56.52960095765124,73.39699202905244,56.84326303485433,71.93642207368454,72.53656375719521,81.7359474462729,87.40699694046532,91.56687695561072,100.4663134845499,0.7879217740331653,6.855117262650799,0.12730554701643482
40,100.88171880822522,103.39032280879579,126.73370532446314,82.57033661507006,60.62764016438924,91.39383812824569,64.16891970183445,87.48887966775747,101.25233489573134,87.98531019284836,70.24815151328022,77.47409331230388,100.1042946436526,95.17622535799006,64.61179883532492,108.77955411939438,108.76563581478214,85.46757574047648,59.30170726860557,77.15819397207663,84.34608031184656,55.855843975812405,86.4072536954279,68.5008161096459,74.45468423428817,69.8465105793162,84.70005709917052,79.68472905860497,95.85375875186232,105.21511588632067,0.8458612530645597,6.491597745667503,0.1334828742744916
41,109.73666293687555,109.08672428595487,126.27347778285414,83.48556408861737,71.1898578467474,95.57343574159174,71.74692534584202,89.56651644877704,104.09850725579513,91.77581643361653,72.34885354159556,87.38831826784592,105.76328380596539,100.52586755728642,75.67184876776453,107.62137747169756,122.44997878368052,96.48011544117696,69.51324634008814,80.6161395845924,104.47868805500158,58.280366464791896,87.82957579791591,56.38169423482297,77.11144781788138,78.37342907233068,84.41730443224964,96.57725773150369,83.16288699578867,108.64156941071502,0.9080449696361339,6.144901203416368,0.13995994787469493
42,118.71058328394098,112.97860547682521,143.79365493084313,83.65659652530962,76.41890772116894,97.43844458394405,76.78764384809948,88.09567817073314,107.1195379372313,92.79608533008447,72.82773776798099,92.0203652233435,110.40632468295763,121.90335001304507,79.97425947812731,108.32319643815148,132.3089757745942,104.64044162195236,73.89859519420656,76.84329507870538,112.23170043832172,60.90343367900401,92.43646316407299,60.86162379555986,78.4612210324262,63.5390889333275,83.16555851871186,108.19047781786807,104.21657097872615,108.52312090053168,0.9678924784937105,5.846613747881867,0.14605760406878063
43,125.9002011663463,116.91520994033577,175.3041029011621,84.4092623786763,81.50126020412662,97.68481836463914,81.2462067224115,89.06849730203017,113.36787824910775,94.34641515749543,66.5685904312753,95.5920154689177,112.72826289047055,130.2170743804353,88.05044917770415,110.7293590782349,153.02119405286862,110.87944809447986,76.43120991932145,89.88446615536304,118.74323523078009,58.86022986010568,107.11887830194162,71.76324582230083,78.03862018713262,97.02588668593584,87.23797089444584,113.29653869252897,106.88980895367911,106.51922584793746,1.0390037466325306,5.5297658079491026,0.15314484920464314
44,131.19455493444607,118.87764691497367,185.80068137523645,85.66532340640073,85.10917939671165,96.40641219147683,63.71590417272594,96.60975576344187,121.29152728794634,119.73300698902186,85.36366119450905,98.21312026814302,120.9429210312725,135.63382347653499,92.76093776306608,123.20551405055731,166.98222104402285,114.59406329517047,79.77215821929117,94.80769811556793,124.32169391814456,76.22218798690443,127.79207915283155,84.04671033258651,100.70181427688678,107.454049986549,89.37019249568634,118.05075010367511,112.67349117358421,105.59034942085455,1.1153094307021123,5.227580973127337,0.1605759932010687
45,139.90493998936324,124.50237901790912,193.24033401419462,86.50658377613205,89.58388684473859,104.43194190080634,71.51307364172933,103.9002758573251,125.54386618286173,135.27278309465072,94.67084578080254,103.36125488036394,128.16233244092834,140.60605534484154,95.50227208775688,138.31948458277688,175.38763471667846,125.92810373909973,64.16331829883293,113.42083596894747,128.04441163897673,90.71355625399978,138.29494615000084,91.69372482181599,108.95090537980998,113.46850561254827,78.43056997929912,125.48005746250679,120.32565631503392,105.9456729635616,1.1971818637655258,4.939380663491011,0.1683677232791182
46,145.5272424356484,127.04193090748714,195.07587914694125,88.55482830803568,107.12135193427791,101.64125586252605,81.66043019952616,118.28252395662531,129.656802153225,143.10142266393254,111.08139543841507,109.04215492821557,132.73689218093043,152.86248580217188,98.014888869673,146.6799551043624,183.6354065490223,154.6791873534767,69.26554779185295,129.14797048468813,131.38882852117803,101.63941987763646,154.76295004134442,95.28804453351214,97.20556034492289,133.65591805435415,89.86429230942036,129.22784132434677,135.1220014613516,108.13076983023063,1.2850184010432497,4.664517702470927,0.1765375363843931
47,147.1536941754883,123.49404952018438,192.75106053199673,67.58660007687608,113.10946612437601,103.57838482988326,88.25220962497396,138.83961800261025,123.68956542004523,147.6299728424795,121.35289535772947,84.31946402790801,135.29280302569248,158.46515310466756,99.01126797473306,157.2865277629907,186.70578894404795,176.1627721455802,90.92470001326527,138.76812453113052,133.3817076644346,109.73856488529412,162.62750675214926,106.19975348322446,108.95096034941744,141.87473189748107,98.72416171490029,135.04950754301586,142.39296336889583,110.85528345503462,1.3695201902254341,4.428033736605549,0.18422877390319162
48,155.13363209237951,137.26344146576537,190.29482057950517,66.35058096803641,120.85463984167048,108.34256772782506,90.66403413462713,148.79449298287875,133.4829946631648,151.84254672334876,125.82548647586867,99.62194733199635,136.05014129569437,162.62582468216058,103.78961104355996,163.4696301447179,192.03087072272524,188.01773757169042,109.50076636336486,147.83294262111372,138.2464849440524,120.99166807917977,170.23223312234956,115.3951243909566,133.34588946820503,146.16407633214746,108.6161514642194,139.17329451389435,142.43464132528206,116.275759490521,1.4698784905942934,4.176834914726472,0.19316822276007173
49,176.89199895832027,147.85638166174033,190.61109371306324,75.76371397577381,131.36740136818494,112.30686587958064,93.5864383463348,155.95913267564825,144.451443241711,156.88538155549392,136.6492550475453,107.74619146242631,140.56652120314678,166.41098787708236,108.35650802028027,174.4904647591861,197.5043704415803,196.62822086198574,124.75033592329945,166.10942461048413,144.76567150587104,126.11277963236685,171.6108269020926,124.81312220895539,155.56927722552646,152.77237962160171,129.88188070798495,149.18670113220034,151.76297271957048,120.12728199558447,1.5775064849710334,3.9372610847275835,0.20254144612552438
50,195.4733973603448,161.43464428213682,191.21461602743352,80.81098485524208,137.57520709151063,130.09188659637573,95.39512532887002,158.24185556518975,159.95055283173113,162.70189162498207,145.28760792882952,123.93909445620928,146.8792199314529,171.93283886267088,110.4914396231692,180.2618008052527,198.27834251480363,202.29268499720285,139.78450157938937,171.78101280682978,148.1165528139112,129.35170983782697,175.3778281387052,134.18657265705787,163.61620110608456,134.87779348319094,140.62456910863852,155.67457700560223,155.9491611888526,122.6332914306823,1.692911034461308,3.7087742646422353,0.21236949231329916
51,202.0764125735601,184.1749222524507,192.29918837072367,89.9971318628402,144.78258015712981,140.82956176882774,101.76008915996172,156.16702773111206,193.75243087741538,167.9775887083054,156.7172185323118,128.33989526698844,149.76453065203762,174.31647495761177,112.5872218716157,182.3458965151504,200.6190583402294,210.94078948685285,149.47403826438452,180.98821317409016,151.0904635478213,145.24808478105626,204.1033838673716,157.86378559891025,169.06610786941212,155.2326543432818,147.50693986703288,164.147449380549,164.66599967568715,123.83082631732997,1.816629764228981,3.4908613692606485,0.22267443097773348
52,207.0561313024045,191.52774489944412,196.32905427027333,99.73274407281943,159.78934896085508,163.63426411910027,126.66028791672188,152.40816199640548,201.76007347647308,169.48972565244395,165.58604798380986,132.69392793572933,152.36227336808682,177.87576803542598,112.54962266010399,179.8326310918661,202.07740202649464,222.574029504259,152.6386715483838,184.9723773419866,160.05852413473008,177.21678138711522,216.3699397263985,164.99859878266477,175.04389876722675,171.10517247686772,149.84887601774457,168.54518288723114,208.3789639123267,124.6758630990947,1.9492318639526551,3.2830330579565246,0.23347940267290615
53,210.8326092993455,196.65997130726228,201.09296232017775,104.99812885778078,166.79207017785137,172.3127118320755,134.81466638596868,157.1973340779046,207.96011749122354,173.88712934148126,175.42034163312502,149.04188919827283,164.55548877682293,178.65033378041,113.21957024814493,180.73894799204197,205.2998303557913,230.59994400084082,157.19744401711955,187.52696891616927,164.82423518775963,188.0882745720001,222.6601338974051,174.90060399446548,175.61062442635443,156.2577825530504,133.1213386216768,171.0532261978055,241.86442590347343,126.28646160413932,2.0913186379277984,3.084822635834013,0.24480867081657914
54,225.440254777129,211.46836579153808,206.130509076084,107.00412374938047,179.14680828118688,178.76597884061223,143.42844785271237,162.81483218049658,209.40715942619227,178.39957342503854,182.57304192715134,155.42834614588656,177.16180078572046,179.97843247872814,102.3286617979005,182.30208573799422,208.5643214287265,236.81157560884662,165.67542856556136,187.23281555265845,169.7104835960565,198.3345214536413,222.91965640820777,179.7235274149532,175.39285682938842,155.02541892310768,149.424730526481,171.17434623091205,257.96964137941507,129.14747575822088,2.243523728247219,2.8957850057274284,0.2566876761756205
55,232.58652362708096,220.02146081163133,210.90600471924378,119.62310075583986,193.4178638584902,179.6855214283462,145.79379006228618,166.38697715253804,207.87047305535617,180.95829871370321,203.23851405123054,160.1620209116807,183.3095357219994,182.28761773730724,108.66407396801458,185.06758470213026,217.42045290089823,238.88641443684583,169.49243015713162,187.4859835768372,172.4074574475164,215.16540171175876,220.2240787847777,180.53482385165083,180.71785065669374,185.35901157311042,160.43618732591426,172.2409984821659,266.76528429552326,133.43278542369873,2.3897090876674634,2.7331426173187188,0.2678708269437177
56,239.4812295653923,243.64306649856377,222.0369104757164,131.12473253903354,199.44631474655216,185.15349120468943,146.77034712689138,168.99240461971198,205.99352481426067,186.10464131672052,209.7943873290768,167.0106403310865,185.93544486491786,187.71294209217277,121.60887782581088,187.71085324708878,226.45662083146635,238.29091768516665,179.385937067617,195.03040828763937,173.3326289230556,223.69952122335224,219.29634572553024,186.1540260120745,200.52352116244091,195.68261168638796,199.0024461601272,178.91462765314137,271.7453328420125,137.2492043374298,2.5451363312863258,2.5772902716018935,0.27954119573086944
57,239.50891225971586,252.5376986838098,229.00285702531312,135.1037075759845,201.35822365800067,210.9345229516009,148.45097691185694,170.21828183597285,205.49794082112487,190.03947575887045,211.24692622479287,174.67689967989236,202.23098710977487,204.63852399004514,127.4718482075354,190.3270547573275,240.28598461880065,239.27973297223838,185.10977937282672,198.48720503535898,176.75334362042977,228.73790351729207,222.67565731455554,190.10783596272418,210.28500206969701,209.00084607559302,210.98285223049137,181.16222496350747,268.61655073600724,127.43126964329865,2.691478124062512,2.4442257045541464,0.29034101878914165
58,238.96097521242254,259.4215646155274,233.05635985607628,138.95318521164998,201.60826940847497,215.99680603087012,149.993885842259,187.77422221058393,206.424310634107,192.1805199821104,211.3243014442722,180.02686070291205,212.01100376867097,233.02687415862763,131.03144911515145,194.91688505428564,248.27788392227802,241.04203659998768,192.69065992730512,201.88296353094026,182.8558275758367,240.1636002847222,224.13817869098872,198.08535521688654,215.46111621212182,175.84466302713253,223.7084262997629,170.81071128355504,263.22735240717316,130.7909460885345,2.845920886480546,2.3161107439568918,0.30155808331261197
59,241.2974253963084,264.45590114635723,236.02867647136966,161.9668380338498,199.45192164651445,218.31186204352738,121.79386154887986,212.67244206147507,208.69970057801157,195.04441454362356,206.67075037833106,182.10968111791635,214.43582309353084,238.53573032900948,139.66909838546005,199.13918855567766,250.68724579351638,241.66976752948918,201.95879960141036,210.63443287048295,190.0880688918768,243.81164729076272,225.20469901518467,219.74850372876216,218.8182860432569,219.22334608680578,228.54720295504586,174.64257665698608,260.29718648689027,136.3746818582164,2.9880126158977816,2.207925472383703,0.3117279402557108
60,241.14733638006342,267.6877402724533,236.4103854256639,168.01378069786577,198.8222557868299,220.38465600212857,123.27770013909118,220.99081685765753,210.61712843805037,197.08580986243604,203.85898899254553,186.4362839525281,216.4077808041831,241.52917726141558,147.4154924280404,204.34133630420177,253.59559977355391,243.1463611254355,205.88217837736286,213.60118656150004,194.72002789600245,247.9760568015639,225.72477746541054,249.11194877039108,223.97606232462863,214.3493888827399,242.4075476131521,190.17775730343016,259.6623534841032,153.80400523897362,3.136877269874514,2.1032696525957713,0.32224076923625916
61,242.31251615575235,268.73407575678505,237.2696263539997,124.4381415346159,200.1733867506793,218.4980111222748,125.35835475156102,226.69292418007234,217.78714415843075,207.31991945474712,204.3339044132714,186.22190248338245,214.68578089263318,243.38983251085602,172.24827645819536,210.70022049670695,256.1408025387802,244.3315278504017,211.10989798728355,214.84701774527372,196.76711806614912,251.4929023484873,231.11100743544108,258.360189446591,223.39729832146432,218.62048340772517,261.77107557814895,193.153174204585,261.5009989027114,162.26996243730028,3.2927893443027587,2.0020281392528516,0.3331081367707903
62,244.42545991565197,268.9846492154911,238.07800940150128,128.11832377318527,204.3495157817938,215.52474902973285,129.69303811847135,230.2081206387715,241.4747133743311,217.93386903469835,205.93846725541547,190.1125413611239,211.704823055045,243.39383429828007,177.34060592490945,240.0397427651635,254.9837142893113,244.986325814623,215.79469377811247,218.83312783727467,198.23289364334474,253.26510050558176,263.8621634221172,264.9162386271812,223.34571484181143,222.61437719614437,275.8134575883636,198.5058067505279,265.1266183089028,166.46692494964714,3.456027342139815,1.9040895435327672,0.344341999449342
63,244.87880526240534,269.67596898691767,242.05596200375322,138.76402379841304,219.46329941734797,215.24449198299126,150.9332504704478,232.16077302327918,258.24611651716253,224.6730989352324,205.82879189458484,193.7714283737581,210.62750669994134,242.9721734332743,190.67499038479014,249.81028266373121,255.05334978805843,245.1378000649763,215.7601288889333,219.53594725058463,198.69046065595205,253.15397394711385,279.7052838096264,272.16708165839026,223.78973734313732,224.9703525846047,279.8751838724047,213.0914863731651,265.6215866424349,167.7530378617772,3.601989761790254,1.822689252620354,0.3542720825792927
64,245.82269938624995,269.235574479685,244.63091432054398,145.89186683593994,226.65061957016093,215.5322468841922,162.60456243798993,234.41932027945393,266.16943573835624,228.82176515045325,210.36308090015203,198.3771778690405,209.72719248090152,241.5566840529952,195.83129348068158,255.4781109389257,255.02617281412364,245.77137976071293,214.96975388483997,220.4971677947048,196.8171404089498,252.30009805246743,285.442791559254,277.18455351364724,223.12544063074463,227.0603850121095,283.0216881798593,221.9746628922137,265.4551606588489,167.75111392551563,3.753719577468845,1.7435705743308647,0.3644885279628326
65,246.83051216966444,267.42355633893686,246.4632272403712,153.1594975852713,231.77189603217042,217.2931213021472,169.07912467246177,235.20793625610813,269.35505641848886,234.1759368454054,220.13817228221853,201.01657655363294,209.12509937632555,240.91426524437688,198.03418950625044,267.91812889129517,256.69727086915333,247.71481923900805,214.86665288906315,221.238509908932,195.84371661197054,251.1842809842895,287.12543323185304,281.8087068335117,222.44797320040135,231.2944300216578,285.66790309577846,228.11397648462773,265.88939857004453,168.0326462671506,3.911395417821742,1.6666695561144653,0.3749995936718436
66,249.11432345743393,267.16333021715855,248.07495811932978,165.09189320046835,237.38277579402262,220.5540723323611,170.83854789277947,236.52124813001595,276.23118262947423,240.62400372907513,223.27810222461932,204.43671956708937,208.51289186397452,241.48097990958306,197.6478191292425,275.01998229840876,260.58219290771757,249.59405421577443,214.88945428224307,221.6921191098012,197.326246925524,254.7002030418073,288.6710686547858,285.33601859369793,222.724008581289,234.3304454180912,286.98633813710273,237.06093973618826,265.8551195228242,155.70756976400767,4.047462659390993,1.6042345220731056,0.3839899945738943
67,254.08348802164346,269.1899277176392,253.42822831271937,172.8586369917353,239.9988453772034,228.58636330340983,172.31783499949202,236.87709938095475,277.87945730348105,242.30836045342735,231.77097254276487,206.96457392419705,208.750250629044,242.5386171452113,200.13904173993004,281.4141569789117,261.8563444332614,253.07609300724576,214.1492555358513,221.56305047145403,198.60677492553478,256.1317435474686,287.76486169382486,284.5887397618637,223.6708270882512,240.02775939073433,304.7327482016086,242.7027563931264,265.8121113019372,156.36983260092384,4.216501575203794,1.5312390291576135,0.395063440663206
68,255.10875915239146,271.90250194370003,293.94472086871116,180.75090937862817,241.56890929369726,232.65242119251988,139.86669213648338,236.56660905010287,277.2068271985954,242.65642800794797,232.6123373547504,209.28906272149675,210.36327879073892,243.26975690029147,201.52467162942963,292.9565432290861,263.381882967702,259.6480174104742,214.06757069914607,222.53143905238872,198.40125455711382,257.07370274113015,286.4029127112247,284.7045057552023,224.60146254277325,258.7126985453954,308.00522086154893,246.7958813169563,265.4745979120514,156.5716919934871,4.362284942523422,1.4719748452657977,0.40453486082803386
69,255.71557964321013,273.7417630219118,305.652455698165,196.59959269041366,241.03163635025373,243.82967732201394,140.3507544998928,237.15863172258972,276.3809198402314,242.45185311677554,231.15027772301997,211.30451238558183,211.0099412530542,244.51941396874525,201.82959903600525,299.95969320902066,264.0119226207173,265.43862580092093,214.35237922938646,228.372311651909,198.5193952374953,258.3213369280289,284.8603995619964,283.80808338437157,227.38160541034017,291.8165395336199,308.73130341274157,248.05224467752183,265.91345327027483,156.9846786544336,4.512645611341976,1.4140982203725216,0.41423335287728646
70,257.334962291529,275.2624862187377,309.6011644692412,209.09801035376273,242.57648021083887,253.38440654164168,173.16434496673702,237.9275685797685,276.88147308588276,242.278303072061,228.50575587101105,210.95699452713598,211.74703971358446,250.04854293036325,201.3672166857833,302.47180427054803,264.40539507101084,277.37723298176246,214.59149702189507,230.51988626451677,199.62175574576378,259.46448488504257,283.69495593219165,284.82849520181895,228.99247876342216,298.02652205340155,308.040027617001,247.77121805627561,265.7397932863454,157.95255052105804,4.6676818138046885,1.3575766674029972,0.42416436072959446
71,259.3368234686467,277.56217272914546,311.95630431966794,224.72679324781225,246.1331017657299,259.93297985561554,174.65620911963944,238.25389015757267,277.27989280084887,241.1219184335678,225.6940164730685,210.9481114385683,212.31648087132132,259.26228468091296,201.25756331279564,305.15845482972446,264.59983356656517,281.3689939494117,214.3972784047706,233.336375036545,200.508943222539,259.5010506679337,283.9217385447833,295.6341347969509,231.23862487615096,304.7404659344979,307.5772055099192,249.88785577379744,266.050767349743,165.7791012452559,4.8274895792332035,1.3023784599059653,0.4343334588184266
72,260.42049431037424,281.9821689268543,314.3256263288228,232.84580427161077,246.5400527637758,269.43537800892875,168.86525991762636,238.52434062634103,276.757703517696,240.0841142323159,221.63783112546065,211.78356152078968,212.83356897490066,261.7753632075318,201.6768055150726,305.2943836750843,264.21302343269747,284.1968284484224,214.27095824679708,234.72358805073986,203.0400957560951,258.4119928046738,285.4585788305203,295.9761996703354,232.4368743676958,308.90188509865254,306.11099017586383,250.38337380340428,266.0457101458555,184.5373918441293,4.992162284984807,1.2484726142451428,0.4447463552211064
73,261.0104721134631,285.89732424952876,314.4513748028786,243.84823506149692,246.53240099441555,271.908724503266,180.49406938467015,238.40356140480083,275.93100459698434,239.654449792462,218.33314627554103,212.97077311515386,213.3281855029449,263.25118722897355,206.89469655917708,304.84673317966514,264.55535216019786,286.6777827364339,214.37410321825988,235.2321888469253,209.34449407367276,258.33178115344884,288.6578979368352,300.2986358087007,232.82401431920837,310.88745328411517,303.1051421000118,249.2382909162076,265.964509041696,190.92708100466245,5.1274639756249885,1.2062580807810006,0.45325613023749545
74,262.42578559099826,297.04428113138357,311.3720433557563,249.25253903846465,249.59381234950158,273.4424205274555,209.54730993740606,237.91943307786244,273.85860641955696,238.17240321145434,216.6224701031306,215.5801803819089,278.2600009020968,265.1347318229659,209.71285640727248,304.40952690966594,265.2405373234304,289.3756690833779,214.8858922516788,236.360846815409,240.0265940350559,258.78312560649016,290.84258802840895,306.7258142415306,232.9188698738642,311.82472906722,298.25497574206037,247.9485719978273,265.6333061627482,194.60885736184855,5.301118608963015,1.1546027123602154,0.46412268687092223
75,262.5794586256505,312.8270448898872,307.9245034899352,250.87849605183732,252.08879488134028,273.46187976850103,221.84508853347776,238.1718095396936,272.8284319998223,237.56951854453075,217.90805530702892,229.50796175446328,214.99095016548165,266.9242564003359,212.76890272866913,301.8831237501955,266.0699407488297,291.99248625322025,216.8261215048975,236.97452751324033,253.55190992953416,259.2014003436756,291.6141634267464,308.0172482116641,233.3129579837614,311.0176213146118,295.3995465000981,247.4589247222986,265.57055285885673,195.8873404924613,5.443716379882912,1.1141505637653806,0.4730032085410998
76,262.41373625304016,323.1493037447424,304.81366346380923,250.97851874959562,252.83490835749615,273.311922679314,227.1972153590319,239.58415465842523,271.8188821768117,237.15256307792467,225.7055381027949,249.75894105035118,215.63468824467935,275.9268488946594,214.1426591829545,300.97621317825894,266.80558801172265,290.8731071544781,217.26132688118466,237.06060991854343,278.41259653244254,259.9184458913996,291.8373400330878,308.9793922451898,233.5666537161719,310.2471453084238,293.55283154311286,247.42409597900357,265.7479727639374,197.5321850629618,5.589624137609857,1.074457894547674,0.4820536500780824
77,262.4442553791093,329.0381977933513,302.1256496583675,250.37240186975262,252.69614308039067,273.3363291850322,229.08078194086718,248.31875932239512,270.61249718336086,236.9139949814908,234.51613275213583,253.3831752224343,218.26694088030024,280.5727262033972,215.1024065415944,298.8026269473948,267.24090332722477,288.27753024096336,217.63364702652245,236.6060112647397,289.9433072379896,260.57194657288454,291.54668273661224,309.2773934812238,233.51153019379777,310.32693919063195,292.7496596143998,253.28900129091113,265.65599761671314,200.03864524884088,5.738880497117503,1.035510445664141,0.4912772627279358
78,262.8045701621749,331.45178133044357,298.48943211185525,249.87444318957398,252.0217319602229,271.8441901840924,230.88365313893172,252.6595113339705,269.3324968915818,236.66148659260168,236.59343421854982,256.5263813534405,229.85888772857248,281.8475593520738,216.39344473055408,295.96830603470227,267.10675549714705,285.3897568819638,220.69840053374287,235.47192229903763,299.94592881930936,261.90645472743404,291.16020242038934,309.11521115133473,232.81535110907058,308.67826873545135,293.2680010250295,256.15133471557203,265.6662659393892,207.33647630051806,5.9302151786088215,0.987852810815766,0.5030553542792862
79,263.05114183345694,332.0040279949628,297.19601923585276,248.45253335914202,251.97129184840546,268.95494363961257,231.75118348407452,253.64329140499768,269.59538354236184,237.01120323534647,237.31349210076334,256.6338799178152,245.79365344566108,281.8264070471181,216.9664259310122,294.8122732016969,269.95950222226463,283.9966731136908,222.06804526138927,233.9513310292697,302.229432277277,262.4597568084167,290.48913345235593,307.66799331362205,232.4210431207435,306.7613685836443,294.06532418750743,258.2169166616727,265.5681561839709,216.34975488653433,6.087135431576196,0.9505313515850327,0.5126808134549512
80,263.157826847641,332.79708551590085,296.23169840587104,246.99500322306739,253.79170934517546,267.22885398926667,231.26885816026126,254.4657686598554,269.71319440509853,239.12966594383641,237.37356288781012,257.3416905714837,250.84610795911408,281.9849393950709,216.75947635279692,293.9260971656992,271.2130951146135,282.84387249360486,222.72979138399518,233.65247226735917,303.30927723432444,262.8181366612993,289.7624572294026,306.0245999407589,232.01413609838352,304.8657966395369,294.38172924812346,259.3154073095751,265.3714749284316,219.67462457631814,6.207093384145743,0.9230008161779089,0.5200205801199638
81,262.5324046416534,333.0212295873337,295.61133340377097,243.97171878772483,268.3875473512737,265.2743106502619,229.29885736763504,255.09127881721497,270.00818330664293,244.44667818413666,237.24922163570562,258.85570747619784,254.80974647558,285.1566857462772,216.35402052807424,293.36958485964004,271.05713534429043,281.2003471936838,223.6048855471263,233.3443566235501,304.3588449315756,263.14687690183234,288.46372329539673,304.28811004067904,231.18161039927972,303.11424506700934,296.277081313801,263.40404671343515,265.11232621095974,225.10735883427103,6.370083836422556,0.8868969375752482,0.5299706518603222
82,262.8416856411409,330.1492874752865,295.25119452344927,240.13598355392764,274.16544676847263,263.36367703370684,226.43628207670125,255.43398133804618,269.70143090909926,245.4840206406858,237.23556718520928,259.7885417150188,260.2020011145896,288.44824385393224,216.83388321347272,292.10548177834227,270.9438319893666,279.93718958963456,224.51678735942147,232.97665392524007,305.03140907293226,263.83920811403635,288.0733731188077,303.07422719276883,230.9254300406114,303.55987268087347,299.8001714081333,279.21992416348064,264.4920051845457,237.71888196195704,6.536579634256445,0.8514709006246495,0.5401111082343341
83,269.0306697708677,325.92212466059385,294.5437576631116,240.30773059551706,275.5857075106804,261.91966942107064,222.47594173668372,254.85172126784656,269.88344627336465,245.94160964113607,237.05289218565417,266.26688585848484,269.4208880203988,298.5236451955466,230.69134746414733,290.79859035458736,270.492949281028,278.4709302798932,228.67292944125867,232.61609727590155,304.4465984129459,263.82502595530826,287.93557530679374,302.0214492704412,230.6472618389538,304.25644754677444,301.0446833213276,312.88832500829835,263.64263679771204,258.77650726575035,6.706603691288952,0.8167099790118506,0.5504455920608321
84,269.53685190432435,323.2647619082792,294.05362665503714,245.04056982327762,276.08203909047785,260.69435289480595,219.46884035378127,253.82209654418668,270.47999844150735,246.38143246445102,236.2876932617836,266.17521854106246,270.86817182164043,299.5887143221052,235.91530715291685,289.8280469650397,269.88496343453096,277.3634246163652,233.21900393066812,232.52306671221385,302.7477956757497,263.92124475622944,288.42421114154496,300.7553892711174,230.17357773743532,303.6805419631987,303.26954520204276,318.51754263120364,263.11607193380434,265.1251890991085,6.836449148364225,0.7910682489463392,0.5583260161014446
85,269.8402401618907,320.56995385935375,293.4048313719519,249.3691405698369,276.9647630351262,259.17081525407747,216.68766405759388,251.37086981989668,270.48835382184325,248.0679879731022,234.2811266862662,264.46663121373604,271.8972908249115,299.7913982587806,237.96136389444302,288.5407467093882,269.06486086671606,276.18797651800026,234.91510216317664,232.64215286984387,297.9955851583156,264.0610874376414,289.5223279961165,298.471490031976,229.28359780460048,301.7907088461115,311.47538621780603,322.84354080013316,262.7348027363699,270.20330342533,7.012693145811377,0.7574413726158526,0.5690090239036288
86,270.0418247064166,319.66277943330124,292.72628653730214,250.1293702411919,278.5479317060417,258.8162173101891,215.41601914615077,249.82950003850385,270.17896288314085,252.5401393343816,232.8993886449757,263.09465577473276,272.2411806892642,299.6315026645624,238.91183238334145,287.89641495842983,268.6425623542636,275.0732808298148,235.53722619271585,233.4853206849545,294.59221886906,263.3030565505853,294.28982006442817,297.0867396561959,229.2142921234982,300.53614848867113,315.3497980674214,323.37346980401827,262.11936301109944,268.80456878140876,7.147221247739244,0.7326361820223115,0.5771552102951079
87,270.4894752018357,318.0343377936708,291.76634128807535,251.64107842239216,278.9765187415891,257.87625901023955,213.58454176435714,247.67022789342576,269.45943270915905,254.40908400062898,231.37354228073332,261.8751220511743,271.7399458204801,299.83728688709925,240.39286752357162,286.7908002493989,267.6404883978693,273.9826398418596,236.09921347167935,234.5667047910112,289.8837641591746,261.5409508134229,304.77648202131434,295.07452220503023,228.96086024520355,299.3814129384021,317.5101915924919,323.8089390344213,261.30651643147104,272.3898404957148,7.329727457620475,0.7001063537185233,0.5881984958251407
88,270.18305262193684,316.4396255051859,290.6260297628073,254.04485538151127,280.54123961223655,257.6630868724583,214.04443948832133,245.6395626419921,268.7751490474891,254.93723198923195,230.7423592598825,261.07856846320095,270.55658209863907,303.85593898672437,243.93680209305782,285.70218214299877,266.15575930001694,273.2495211809104,236.36667359380115,236.61164015254494,292.3010416538891,260.06503884060925,311.07472374285504,293.6846266739907,229.5016952192113,298.40845088612565,317.8555986180108,324.23106164412985,260.83496515072255,271.877897547395,7.468962790865496,0.6761104112134777,0.596619407235837
89,270.2678377445036,314.7502995283181,289.5190298196681,260.01444481389086,279.4195737778235,256.6933570331012,214.6380672733464,243.24407509967995,268.0547833354737,254.1885679232893,229.24740581504008,260.52405705085386,268.4140866777618,304.63705710891924,245.78221976730666,284.01608837905036,263.86170167741443,272.71174251707816,236.98264102730337,242.4373411404026,291.1286498656997,258.40649584392645,313.36090971766737,292.1479403031546,231.3080185086252,297.2945467602878,316.6855155533353,323.799352334878,260.1248237856972,271.26558009582897,7.657754221503942,0.6446418406845371,0.6080351206337894
90,269.90360912538586,313.24186753572326,288.676829469649,260.1208000104301,278.24641241512944,256.1014223119863,217.5887698389813,241.35701245080938,267.3467308155323,253.1630989019544,227.80616867062054,259.86640066704393,266.06877539315127,305.16977856886393,246.05214252784327,283.2758676448156,261.6695577070673,272.1047021478296,243.96727724344098,266.1057589450593,289.5249225615892,257.217767088396,314.0270973845571,291.2775515384232,231.61138477834854,296.16250266398373,315.7956015840294,321.56125377268324,259.7345615604801,270.4408161053004,7.801706538457736,0.6214287452425136,0.616740021992414
91,268.7556238429146,311.95571064790727,287.69595179389637,259.55239228131376,277.52648645997385,255.32962703521898,237.48763581723858,239.79816233424006,266.44459160552435,252.4869507421905,226.67051856806626,259.0876792197349,265.07659596610216,306.60591453370995,246.1442056264395,282.29879386590017,260.5405699209388,271.2435922528397,249.7864698297738,271.8072286200274,288.48010423842373,257.8948607254085,314.26498385785834,290.3034900939973,231.73073479009446,295.159373291126,315.11762843329734,317.73710613214143,259.5093400847407,269.1448086638252,7.947679589143912,0.5985432881875667,0.6255695465925124
92,267.42036810170345,310.6439818986947,286.73466528624726,258.52052479766894,275.99503319576917,254.34248282421441,243.36311728162403,238.325086793172,265.38194114169454,252.31045432651538,225.60151361761254,262.26454873835775,266.12381096415345,310.5127584517345,245.3160774959335,281.3747107885889,259.8829795006579,270.35673459370935,272.28728919601275,274.65880998946653,287.60852813017095,257.1820808192244,314.5064323617238,289.76155572784006,231.45670030291885,294.09784420728863,314.31935979357087,312.47510747500047,259.35993269162844,266.8713976257896,8.09567108278565,0.5759808451078874,0.6345254785958663
93,265.40041092980556,308.8707503129797,285.7141655174279,256.5365837125875,274.11388527666276,253.02620259150302,245.58804512586815,236.56663103794585,263.9929031365316,250.9560031983746,224.27771354259883,261.8218894832972,262.8099571837073,309.6678755848707,247.43684892793735,280.93609729663837,259.4149682626306,269.2731297155107,278.31523436368593,275.99076755422925,285.4829853362384,255.8002548265619,314.658104502664,288.85937254214616,230.54070875182765,292.5348603762373,312.4199619647833,306.3000416498858,259.1230796469477,262.4088549518965,8.2961265593909,0.5463921831410221,0.6466664866145445
94,262.9954026514791,307.4767870309871,284.8041766474728,255.29699707622285,272.56543540982733,251.85719693113398,246.6072695997941,235.2675672862951,263.00197701653286,249.57993802057533,223.41106271117562,261.32993348425464,260.7670227158856,309.5060450604695,247.30476795510063,279.7749632840595,260.8765001861293,268.6505879169547,279.84550028436917,276.09268120648466,284.14396967387614,254.65688699111837,314.15423109272126,288.327530595921,229.67051787768315,291.24362429669077,309.9249574451016,302.68506435970124,259.3173202519152,257.696530381645,8.448811765628912,0.524565820433923,0.6559244517992534
95,260.5966169327185,305.6116462615769,284.154479862825,254.00250679591386,270.8142136549447,250.490828392093,247.2047672451853,234.1999475699497,262.27752156572143,247.92997028265836,222.60085467270594,263.2632365669317,258.74414116087013,309.7318162322836,246.41300700698366,278.92814548701267,260.77825850365315,267.77769253812255,279.41544006334146,276.3496751153436,282.7769854752314,253.97315302552315,313.23909706750663,288.4659660553816,228.7170590421382,292.0379571125221,306.69039182647487,299.5251254801802,260.67315661416427,252.85500524598837,8.603498656296038,0.5030475232448832,0.6653149581332802
96,258.6271218604811,303.22959329133124,283.58646791488246,251.41361418666787,269.5523533336318,248.9405755221325,247.44096065457634,233.25952752529741,261.4485359093389,246.71450431005292,221.55014360761933,263.00863933295864,257.6065561281328,308.3418547377151,245.36761699990043,278.21620111886216,259.8357935896028,266.76203009476086,279.24375898528103,283.29022570628763,280.9054902191973,253.18071116418884,311.32290052667526,291.5776636073842,227.62021748246005,291.9348341289023,303.3031646139734,296.4940133727334,264.52206256591205,248.40994290727176,8.76017945037901,0.4818329434209512,0.6748399031346985
97,256.985619442115,301.2643418727907,282.49116550421354,248.1682085614474,268.22661832843505,247.5590133835859,247.9070809381065,232.2640279339569,260.94525617115687,245.92597628477068,220.21728454129402,262.4311506246877,256.798590849648,306.53427814125087,243.6625257396093,276.9992399729334,259.73739799222574,265.7090762696893,278.625350901207,285.57322344386654,278.76800802652156,252.44965936048064,308.6515535062194,292.63809329907207,226.57188110441626,291.2124895110179,300.5537827387485,295.11748645023135,293.7604847323038,244.6487684490513,8.918845098287537,0.4609177941806475,0.684501211487295
98,255.24609521970262,299.7200477082803,281.76433536635926,245.16957249809582,266.78705226008265,246.30827891082563,249.66890083331,231.07683832743572,260.29681269355945,245.18969137443102,219.3110116168041,262.8500630093198,255.88279718914373,305.0020113268556,241.66607357186697,275.6253515915901,258.88673232265575,264.65744171519714,277.58132414038914,284.538651455534,276.1985306826351,251.73866046957866,305.92613837985283,292.17298445631945,225.16430734761332,291.28265271799677,298.159174710156,294.5790701389524,298.3533273637515,242.02014380752365,9.079485288857464,0.4402978492477432,0.6943008354294861
99,253.62266680827372,297.81049149603166,281.32000503523153,243.0295177277904,265.095417559701,244.84811023359228,251.27885069698647,229.70912852997236,259.5411564935462,244.2399045086653,218.3422492425386,263.31167578503715,255.2630038709614,303.28443097174653,239.85704577776542,274.2117091901221,257.75558972791424,263.35609122787554,276.08856947984566,281.9036723273825,272.8655254909453,250.39436772489893,302.8649249153537,291.4748484535662,223.77962293536223,290.6669711264534,296.51721054708713,292.4801546228799,299.79313529837674,240.11826135247827,9.242088460024403,0.41996894199726653,0.7042407551488017
100,252.31417027198057,296.4693650007424,282.9502716658301,241.29993201040918,263.073657384678,242.84470990746533,250.13519701958407,228.4795463621678,258.5449313033871,243.15904811084033,218.20926676813932,262.51406678060033,255.4312548455155,301.10699686835926,238.50501331235344,272.78799635656503,256.6782953606536,262.1669447033283,273.49802778237546,279.40686480457566,271.7408253341997,248.7235994875141,299.6070741710013,290.37798490604507,222.5549440565443,290.0669668669614,295.38167038374775,291.3154365918938,299.78420823412307,238.37244860697095,9.406641813167088,0.3999269646135635,0.7143229791820179
101,251.1076093757858,296.3403183502382,282.01490882506533,239.67487649859908,261.44803018895016,241.25995811185462,248.23997688096446,227.29367602622597,257.4165152011763,241.8299489656662,217.9914991711733,261.6727459443008,253.88269503946518,298.45161302191366,237.24711080277865,271.1577297259665,255.4571345367139,261.15068858820587,269.7746724140966,277.0222832323862,272.76224859242456,247.2391122559346,296.38196332485995,288.8263907776622,221.16916025214374,289.53523485995123,294.4964178371556,289.9969135991975,299.0227032678747,237.21384319633586,9.573131331095743,0.38016786726023866,0.7245495448210172
102,249.21324676304278,295.77463711365255,280.9136916846323,238.80976481618512,259.901207422496,240.18978780572246,246.9450688316387,225.92570237464676,255.86813129786987,240.33554521689854,217.47377342014727,260.32207672515415,252.19609555512804,295.52305221416896,236.33767162889828,269.53271818984234,254.1434048937893,260.4571700324804,265.2195169455326,274.85291866737606,281.1809539161672,245.80238261932783,293.2600634137103,287.1934856059049,219.84982370925687,288.90257865362014,293.1917032098566,288.73459153318186,298.2246764944211,236.77127189264726,9.741541799636419,0.36068765726181673,0.7349225185244588
103,248.7724784624793,295.05295213105774,280.17017277394916,238.15591232921236,258.78495059745825,239.5768546945528,245.70345931371898,224.97934561238733,254.6034785204974,239.23146965687687,216.8857085593985,259.09957464279216,251.025023037518,293.234073783297,235.37647307262108,268.5075789861523,253.27233450592524,259.73717811379584,262.216791143385,273.5028870956761,282.41715442471155,244.81706339929138,291.54015234724443,285.92414941797574,218.990692720136,288.39041582687037,292.385474970968,288.0555189903004,297.52761789597434,236.84433749490069,9.8548745956245,0.3478538418581776,0.7419202059930923
104,247.3818793204641,294.1989882850394,278.6717452499144,237.42338734002388,257.61486753278274,238.15712166057676,243.5086768022132,223.65849190833418,252.94643069713786,237.42446474433035,215.66496550447562,257.3086868191568,249.15168080267276,290.1152741580089,236.32795300229702,266.94696984214386,251.8558996483976,258.6085641209981,258.4256912308561,271.52703753681476,288.53184163297755,243.47820165183,288.8019183084151,283.71162271717753,217.88030664917642,287.5089012135864,291.34791263598896,286.9445172597371,296.7095162218715,238.65793876034402,10.02644966918346,0.32882972420595435,0.7525418658117033
105,245.78347307435703,293.97082043833944,276.75557069692604,237.25142042000456,257.20492618809027,236.85042812740872,241.50162649415,222.53614445078844,251.2261898130271,235.99875101706124,214.4171993905189,255.94607820126694,247.5051871439481,287.34515774684513,235.10004191055964,265.33565673220204,250.03334933085765,257.33089454057597,254.5457164569645,269.14463276108125,290.0902959683731,241.96981363492114,285.77652304014555,281.76605041811246,217.104465609299,286.58055249473523,290.6218300847964,285.8259517111855,294.8207165334048,255.61711808230405,10.199899472047434,0.31007412012783386,0.7633155900388464
106,244.56031135670534,301.5150032828687,274.9995555922717,238.16204693740636,256.65413072120833,235.42691318443855,239.4625838745374,221.29954816107028,249.71113947969246,234.58559234813902,215.5402944347263,255.45139570969368,246.07964931942288,284.8074748239212,233.85819052636703,263.4766945466718,248.71157213739895,256.0992455155304,251.32075952572407,265.5532924021101,290.73739818754814,240.21386449379574,283.1931054038039,278.66860098836696,217.03230150860813,284.8253949159575,290.8471614997507,284.5513384409389,290.92304154590676,261.3483592966797,10.37520464157412,0.29158323972192446,0.7742435556962617
107,243.0716024592719,306.72818892857345,273.50768044544776,243.40471828055976,254.8863521205547,234.0230993487868,237.33836035118426,220.41858324386104,248.02275898007318,232.9544022281349,215.4985395208896,253.39133271218333,244.56928239664498,282.54019839407965,232.49962767158723,261.62822056224746,247.39225758235506,254.76000997473818,248.5281935268682,262.0813680184139,291.85602969962866,238.56552385626,280.700541534694,274.87158634607397,216.623701422338,282.5763464079541,290.2073152687621,282.31484499128237,286.3343546167841,262.0649870753869,10.55234476363581,0.2733533465784399,0.7853279709729014
108,242.04639729205286,306.9259915641052,272.4961077408821,267.4352318835642,253.50008458360838,233.005567938771,235.99239653043733,219.73465138767892,246.69185683177395,231.7115613910078,214.7038548995704,251.34949763651107,243.8080192966695,282.5438044003299,231.49696004343224,260.4524426462377,246.21498449302203,253.86314784704768,246.8400548935218,257.548640149699,291.13269562880976,237.53658075573279,278.9350496697113,273.7914335592247,215.85047693577633,281.42108314945335,290.2039071530988,280.29983508405707,283.33055141033003,261.9567409243506,10.671447056182869,0.2613432561610123,0.7928056023731169
109,240.74724558903014,306.35362602325074,270.67542638999623,276.02313365910953,251.49057163713042,231.56521030807102,235.9628448694597,218.8014433555271,244.54733852934166,230.39464351084973,213.13563796188762,248.71568386403794,245.24325375995298,281.0208824192051,230.26317819761672,258.5373454975558,244.26508058888803,252.76303009876412,244.48058343802614,253.99327190185835,289.34035660753705,235.65596054485806,276.4271162983519,275.0998201563029,214.96773100328497,279.6514355821456,292.91030279527956,278.77460437941835,279.0083571382376,261.4126077738944,10.851597339445332,0.24354018155467028,0.8041557601699713
110,239.22768774788273,305.58336989549264,268.6045453737351,279.39686033601555,249.46850363230556,230.1233135283618,245.92696573770522,218.00576928127336,242.26603385567296,229.1368289526469,211.3423534633664,246.48539098610442,244.22565638640822,278.97638681453117,228.951735290363,256.6045041595815,242.7732933934361,252.9262238694307,242.06603243584232,255.5701300618359,287.4054484123218,233.7234710123716,273.9775826379721,273.22034331326364,214.02715704373173,277.7888673903651,292.6851033073832,276.92751562910234,275.1306251243309,260.58898715120125,11.033523308879232,0.22598838626019768,0.8156684118765909
111,238.44415096295907,304.8793191629753,267.05299522103826,280.7531804308104,248.25066297265727,229.26306115924848,246.42364912299047,218.20055958231555,240.91751944513928,228.4634952367856,210.13801333931357,245.0465725044137,243.3601049471345,277.6487828426803,228.08022514563916,255.36749010084654,241.49190786754872,252.1589580883191,240.59783819591786,261.1549762175888,285.9580546718652,232.25839904615165,272.53135425319397,272.262069140104,213.79527325156658,276.3024232407596,291.59637526176806,275.6087067944472,272.8994747205208,259.7732161884553,11.155782009478271,0.21442503551449454,0.823434934850752
112,213.97291303507714,303.06068268148744,264.39163068129955,280.67193535096493,246.14103937704903,228.34671780266945,245.88892676933372,218.7355018144022,238.86233774877255,227.54770157628133,208.42946998767312,243.1292985592758,242.22808283867343,275.6154570622449,227.79627414127535,253.70421971792103,239.07001292580645,250.7922597316333,238.51959125225534,261.0368355372073,283.0437419863776,230.07118035263417,270.7287029335593,271.18077298541925,213.74439338288934,273.6981171535781,289.4019005800641,273.6487324582241,270.01950704578246,257.97098263783744,11.340613907272399,0.19728418237600986,0.8352235958012078
113,212.19350286548217,300.9586009160245,260.7910554282729,279.0975618172452,244.49049995521432,230.27876757829614,245.09762827583484,220.2867661251402,236.96333570115877,226.12845227485107,206.6951568840492,241.2630364098731,241.5515608855787,273.7000300959182,226.23883124665736,252.00299831799603,236.43142779140464,249.29304064525095,236.64657883505492,259.5124843462882,279.69554319518215,227.61436871622487,268.6696953525124,269.2875977161977,212.97798512765436,270.8677980283096,287.51512377315237,271.72316909627926,267.7628067684188,255.70544324759206,11.52715588500456,0.1803852617057493,0.8471810284677068
114,211.04626516967252,299.58242579901025,259.32132203933924,278.38764033064973,243.40663122289985,231.65302975297027,244.4745147933611,223.99598331037694,235.67487008982886,225.20320384186138,205.47551322127578,239.88285950543485,241.58757697239517,272.4975369506764,225.047837743299,251.0143149579822,234.8767553650033,248.08078489772194,235.271876903521,258.2648941350754,275.73045348107894,226.13254201364708,267.28551666065005,268.00634411736826,212.7962336175048,269.0152782807752,286.27459165953917,270.6729857394244,266.8657027744554,253.42901987506698,11.6524544154279,0.1692520332436107,0.8552476040823377
115,208.95038397593257,297.00448313557297,257.2974070557033,277.8887141853795,241.29700762729158,230.8356097020001,243.36017091066344,232.1481520014033,233.50755039421668,223.91643129444165,204.95160888636977,237.9639144842298,244.3662466544818,270.75810067963596,224.20225126545955,249.83449127886243,232.61326084415595,246.32221920328084,233.4054168635314,257.667726307329,268.9901901519244,223.92359933125616,265.1595780855438,265.81560736897245,213.12684282469192,266.2835306556277,283.8243543881837,269.2496906748841,270.3097685610842,249.1867294243977,11.841788296157887,0.15274876890238098,0.8674917093619414
116,207.2213039789401,294.9007083061999,256.25900918269065,276.7858259688793,239.8071333741797,229.9885060629944,243.4434608599069,232.81794567454332,232.2578933257629,223.4768503373996,204.55022081260012,237.32846582183907,247.23372523440221,269.4834654215463,222.82110689592974,249.4965601199599,231.06931848513338,245.07418923520825,232.22407602324535,256.9490976349098,266.36567723703575,222.44689579609488,263.87981966003764,264.0156825418685,215.18151880066992,264.5749433283013,282.1564665582304,268.20278350663466,272.8648878434986,246.34398716784025,11.96892318936418,0.14187620396956202,0.8757516765159388
117,229.67788380508458,291.6277079380278,254.46299819163875,274.4576652018004,237.89045310080255,228.52976659555537,242.7017669401919,232.77597088227674,230.35035999506928,224.44851510693968,204.2353329131504,235.8363488087423,247.03438344986122,267.6996576833535,220.23615011057885,253.41182538184935,229.03192495374498,243.19719701842678,230.70016458918604,255.148733050946,263.3253082476905,220.2680764585993,261.7200198067278,259.9894226485691,233.33072416089675,262.2807098029549,279.64730186766366,266.49619707302026,274.2606541286163,242.4044913029766,12.160973462362126,0.12575933241126092,0.8882893272206793
118,227.45697973610748,287.4058661813386,252.47896915518538,270.8552649578057,235.94567236408506,227.0299538374123,241.3066822782069,231.8660919515366,228.7494911105474,223.10914763908957,204.44905474700636,233.12678691717102,245.72023603791982,265.3408898388335,218.73292923677243,255.26225628429975,226.94910453874067,241.2162462799919,229.70163067551303,253.23033772581567,260.40439920930606,218.12212894637273,259.8473591950152,255.44209485210922,235.80429053366387,260.2105543855124,276.3483998204502,264.2250287949696,272.87812452497815,238.28603638402302,12.35461615922485,0.10986994045882548,0.9010064725120812
119,225.98465178170105,284.596193640637,251.27016549900569,268.00678387422806,234.57358698586685,226.0141374791497,239.42423707636405,231.05764294050604,227.43472803900232,222.11874922732258,205.15935002693266,231.59225535494787,244.48973038070972,263.7775102266084,218.05928769110932,254.67153089454925,225.6628157238667,239.79653523385886,230.3335173073395,251.86834476752955,258.6892595047688,216.91497437841724,259.0492884458756,253.54922741268948,236.02208011847287,258.60377077122644,274.1221966813127,263.40569580165936,271.54016427907936,235.68107066155184,12.484581813333147,0.09940180263022191,0.9095855560793044
120,224.09851262223603,280.3219328662613,249.21412627676236,262.8553181037942,233.07093779597818,224.45293466338055,235.74758388659447,229.58157705279146,225.47578713139973,220.42940126261178,207.29793161175783,229.65712728130268,241.64514114534114,260.92080568975274,216.9349833155375,253.23651630969567,223.7723009836468,236.97657238263832,229.70009152650377,249.32734168031425,255.7132049561673,215.25682716290825,257.1226916553103,250.32226958773703,235.6507494260696,256.1770824797125,270.5920265015378,261.22120360067254,269.0310435641985,232.52357243260258,12.680814521731971,0.08388443079747931,0.9226075876597282
121,222.86321361525427,277.5708799149692,247.75081333798155,259.19816813075613,231.81804851460495,223.46627418492176,233.46093616707938,228.3431117964192,224.13670550550844,219.2713455480514,211.5920254205099,228.22549882426944,238.94369276783294,259.4931350444576,216.12022379356904,252.0180599904437,222.47009297044858,234.64144146933182,229.0166434028674,247.36510259626326,253.53194496809988,213.9522004869812,255.70010020174564,248.56924482972923,235.08458445693816,254.70174219081656,268.2670319838494,259.4319208895754,267.1091521720329,230.57934139195984,12.812479750924226,0.07366138465643868,0.9313923498515226
122,220.77643538851189,273.92252507912684,245.63692410083337,253.88918145314702,229.53313783468602,221.76036937444002,230.0252697364725,225.95912389599047,222.2435961998158,217.83670475652863,238.8790485094444,226.03900572957062,236.08650449843154,257.54474830148985,214.93050558510407,250.25916447835775,220.47364080270626,232.78309494340527,228.03992142943977,244.68137642020443,250.27871167077524,212.23009063621635,253.50553756866975,246.3436573501954,233.9685694981733,252.64291051251357,265.2886687117339,256.80758387743066,263.451584429978,227.81544754036202,13.011220678643138,0.058507322794512984,0.9447265771954694
123,219.350281904383,271.6306882286663,244.12847012039552,250.37059886662752,228.05680809285556,220.59650886933045,227.92714578274766,224.3761751035049,220.94640141481915,216.65177989783533,242.0588863868708,224.61016972859701,233.796624565997,256.2708826179049,214.22517955769337,249.11801741505613,219.32693081512835,231.69443286131914,227.2621454593793,242.444729055647,248.11611936140577,211.11889101506617,252.0609802599588,244.91662435234693,232.9620320096522,251.2333798376846,263.1833107576656,255.2132893579626,256.5990511745201,226.08693922728727,13.144530370329061,0.04852362998180593,0.9537219490392906
124,217.24496792600064,268.6743787630691,242.04510000931649,245.5608681519334,225.9987459890572,218.79438525792753,225.4396391175253,221.9448693649632,218.90313712935261,215.6356337219279,243.8162427499475,222.37347838835362,230.9622157019325,254.53760294290143,215.07549342177552,246.99816947245785,217.2898451135418,229.3743636204603,226.06130140236175,237.9542178454715,245.11359144984507,209.29493347557488,250.03633967750417,243.34420773665323,231.29209931030096,249.052559606477,260.4273545173869,252.83550202925684,252.09237889974753,223.7476526116558,13.345696086418632,0.0337243718735154,0.9673758568617342
125,196.69187566743975,266.74923317014105,240.7280941777865,242.73140655254147,225.03172065438784,217.55194020197422,223.85431563799688,220.25455393516089,217.54006676676002,215.0732506617906,244.86545864171083,220.9008865798313,228.9437097276719,253.35432717243233,225.58858476593483,245.49978592410912,216.08513119615813,227.87921228503097,225.41710157846128,232.37082288735593,243.33572042925937,208.17874261406612,248.68309788072781,243.76987038908305,230.22670036609748,247.5666211772602,258.44972394324344,251.0515403761631,249.9255869123671,222.17969952808892,13.480594178215691,0.023974428382762536,0.9765868876036025
126,203.92000525684085,263.87832448671435,240.18044297245203,238.7387220954867,224.37958321916824,215.43558832641125,221.13875106528954,217.55798685879628,215.555246167959,215.22793513722033,245.98332057928678,218.68655687590802,225.58236220636886,251.07662850501387,226.0801010081176,243.1727245491797,214.0832920068834,226.0503734443961,224.44354585442412,228.74194928040208,240.54550712960335,206.4621077362056,246.68031321420455,242.25000471813377,227.66894254252432,245.87863645881473,255.66480971374784,248.41530794096113,245.557525999799,219.61105772223607,13.68410003882962,0.009521666967944764,0.99056814006128
127,206.03178366106206,261.75744311549556,239.01884721517035,236.30996694673178,223.09109561999534,213.82471497332926,218.9347776354142,216.31373879971787,214.22436600750274,214.06086440703433,249.05258159431997,217.11655892294314,223.3252441599884,249.44216219640438,225.40012696367356,241.4800784080205,212.76883676514015,225.2880549279571,224.56834885123138,227.0277550531134,238.64540568984012,205.47551322127578,245.2735749954352,240.85566764281037,225.30472171294298,244.68478453586778,253.8058255403746,246.8329308323933,243.5528064030927,218.14838243090193,13.820529799271933,2.220446049250313e-16,0.9999999999999998
