InflowRate_Au5_Msun/yr,OutflowRate_Au5_Msun/yr,InflowRate_Au6_Msun/yr,OutflowRate_Au6_Msun/yr,InflowRate_Au9_Msun/yr,OutflowRate_Au9_Msun/yr,InflowRate_Au13_Msun/yr,OutflowRate_Au13_Msun/yr,InflowRate_Au17_Msun/yr,OutflowRate_Au17_Msun/yr,InflowRate_Au23_Msun/yr,OutflowRate_Au23_Msun/yr,InflowRate_Au24_Msun/yr,OutflowRate_Au24_Msun/yr,InflowRate_Au26_Msun/yr,OutflowRate_Au26_Msun/yr,InflowRate_Au28_Msun/yr,OutflowRate_Au28_Msun/yr,Time_Gyr,SnapshotNumber
,,,,,,,,,,,,,,,,,,0.0664712788070151,1
,,,,,,,,,,,,,,,,,,0.0828555189041569,2
,,,,,,,,,,,,,,,,,,0.101099301709486,3
,,,,,,,,,,,,,,,,,,0.1199022971154349,4
,,,,,,,,,,,,,,,,,,0.1401950809428323,5
,,,,,,,,,,,,,,,,,,0.1616084031499022,6
,,,,,,,,,,,,,,,,,,0.1836627196673955,7
,,,,,,,,,,,,,,,,,,0.2072480626785323,8
,,,,,,,,,,,,,,,,,,0.2305610526536377,9
,,,,,,,,,,,,,,,,,,0.256495705651756,10
,,,,,,,,,,,,,,,,,,0.2813198608453668,11
,,,,,,,,,,,,,,,,,,0.3085455030077809,12
,,,,,,,,,,,,,,,,,,0.3360086244230818,13
,,,,,,,,,,,,,,,,,,0.3633240406600398,14
,,,,,,,,,,,,,,,,,,0.3928584464329656,15
,,,,,,,,,,,,,,,,,,0.4217845366394565,16
,,,,,,,,,,,,,,,,,,0.4528384166734556,17
2.0306355971631262,0.24123144622078768,2.820602719839317,3.042602933908781,3.422728892592041,0.332433422216845,1.406594078861344,0.19409769821842127,1.9479028699537,0.3137341878640963,2.7570998391137524,0.19012007737838776,1.05897545527615,0.1967778352102381,0.9876031917160608,0.17564538849412673,2.338340440524072,0.06314333942181727,0.4827349029763504,18
,,,,,,,,,,,,,,,,,,0.5146027127861649,19
,,,,,,,,,,,,,,,,,,0.5485713147777866,20
2.2055293388213326,0.7592512365306457,3.243632245543319,1.5681136021500808,5.0737075437601655,0.7116352264455065,2.112785371944794,0.08570679918217473,2.6245144425290228,0.22186616936843287,6.944917294778488,5.129820844858193,4.03588383861312,2.2051185107616726,3.194104889587027,2.112668859107396,3.0846112441671014,0.721134614972992,0.5806405080928441,21
,,,,,,,,,,,,,,,,,,0.6145811106288943,22
,,,,,,,,,,,,,,,,,,0.64589949215388,23
3.135120699155283,0.5179813967297817,7.731898310809539,0.6266559874086952,7.887428200719702,1.036980336449776,7.592134860733134,0.40141952637929673,6.679020112502338,7.073920677038928,6.798847439521074,0.4300532355170775,6.5379935372246765,4.299736074541419,2.138299092272545,0.09375057716185746,6.757707865198026,7.033774479135284,0.6836465187746339,24
,,,,,,,,,,,,,,,,,,0.7184760073069154,25
,,,,,,,,,,,,,,,,,,0.7550751403849797,26
7.7754651841756335,8.363921176923538,5.222178537735287,1.6135073319205877,7.585459941190223,2.12686071342588,12.667892888781424,2.482436883797062,14.261852330679295,2.7250113288282845,17.86897109940995,15.638518846388124,7.633937533193606,7.065981061017105,4.74249058333776,0.12865502985668387,4.48385361363519,0.6770841335129097,0.787921774026992,27
,,,,,,,,,,,,,,,,,,0.828047199147906,28
,,,,,,,,,,,,,,,,,,0.8640571513750602,29
9.325207203855962,6.749776576732824,10.321809247079312,4.035484050882093,10.885091543769487,6.049742110424095,10.716676184287572,5.00367257533039,23.901922669414343,3.862163037468181,16.78002161807667,15.058353972504491,7.619405110085378,5.933025896894309,5.177617754594656,0.3824347855274709,9.583912916883927,1.1597511374950256,0.9016270192750336,30
,,,,,,,,,,,,,,,,,,0.9408235520130296,31
,,,,,,,,,,,,,,,,,,0.981716243210934,32
6.057726662493928,0.4548101110390881,5.882569802012349,3.1632642630295758,9.759311312490352,8.689161021766779,12.01459081147763,8.846065072412529,40.92921407873393,8.882477761219352,11.752973654701758,4.3444974568769315,8.756643265536866,7.131927605870337,9.19738970490387,1.008193700847787,38.47593373637672,27.93485701704699,1.0171412614273008,33
,,,,,,,,,,,,,,,,,,1.061333567335198,34
,,,,,,,,,,,,,,,,,,1.0996152207180008,35
4.72529036506097,0.807725583414979,6.642285065264823,3.036561483336182,18.867651664913833,5.481492703877761,17.736196126377045,6.61180367358659,57.274094515707056,10.865993222419768,36.69480188835897,6.689445330650036,8.251959461231117,0.6935780739798247,16.0383302757375,2.762780301683592,13.36195078553592,8.26640168259316,1.1392690677058177,36
,,,,,,,,,,,,,,,,,,1.1887329941227875,37
8.745076724556798,1.4208216239929647,55.43708027684479,47.49511006199004,13.25527018331878,5.447298871141034,17.441161640068252,5.747700554108342,40.18393534263483,16.360099394314833,29.46619415699832,7.280182639909482,39.803778651660174,29.426173604236368,13.784434065487968,4.719057746595591,18.825179882963678,11.936139020226152,1.222887837331828,38
,,,,,,,,,,,,,,,,,,1.2669540184102086,39
17.649645038875004,2.2129643892170816,55.60239373856039,54.687469382154816,71.95803679162007,81.12671532872363,14.30356692590997,9.303503196055024,54.0818406062043,30.614987461528305,50.093791519672145,8.82600106282004,5.439113299887295,2.276943698092797,35.378444018035026,7.962792780314604,14.668739248475232,8.736348458920764,1.3125949903702092,40
,,,,,,,,,,,,,,,,,,1.359865573512625,41
10.582956186141963,0.9277354731900749,7.794728514192512,3.8230037718317926,74.62767525458717,66.51756263913711,13.044138814633047,11.00541239600544,44.053600416107805,18.94491722703791,30.584350957777264,9.191070801837592,14.978581560094987,6.421799718325076,21.64648750506263,6.4091828814711045,21.95794767611554,8.422410548746086,1.3988933134958883,42
,,,,,,,,,,,,,,,,,,1.449240943696033,43
12.761969191614758,5.654254285623259,10.114182167679589,4.34043272095212,99.65991317233222,79.19449221739765,14.815512151841252,9.91264493266259,39.59720349653259,16.163339446866903,28.9586497953162,19.61490947641757,60.528406680606416,60.29737981178607,18.54426759281555,3.1796284575278126,13.6573687238471,9.762850959319996,1.4908067298866303,44
,,,,,,,,,,,,,,,,,,1.5335511640597344,45
19.084874555265927,5.223839012619584,8.05097066998283,3.4010126408734647,27.81245207238007,2.6862396078709407,19.73572178673937,8.266144224405567,44.703098902487824,24.959156664825596,16.89883381234983,16.880984502804175,15.211184303958628,7.396571731551278,20.77791910777913,11.686537367396587,27.11535635070905,7.876650302940557,1.577506484958674,46
,,,,,,,,,,,,,,,,,,1.622705709853853,47
12.037063045613277,4.2467253090015165,99.46714930011427,67.4319956138878,26.52321177002896,2.4336256032561514,20.255365718284132,6.697994258836236,32.39043435633173,20.70899626164293,23.77675484299587,10.96101013084596,17.42008604602072,4.808276273020983,124.69605996545813,161.10285379194724,23.95209839790467,9.408706949043534,1.669182644236522,48
,,,,,,,,,,,,,,,,,,1.7169718907593048,49
12.7253765208207,7.585424145193085,16.019290713043034,4.458117475900874,114.0958611494575,48.227160610839725,15.66512477266778,5.995737655681856,39.50981854440729,11.685805924507957,42.17171460506359,14.93160232065012,30.696227102243135,2.9164476846779444,32.51496361747492,2.813536786848163,25.21017738505505,8.265095240391647,1.7661088573246462,50
,,,,,,,,,,,,,,,,,,1.816629764214748,51
18.394856932681527,15.531711025387056,33.95040808210281,6.600298687878269,48.41018784109925,6.982321619441842,13.797667503253907,7.588205283916905,35.94319752975649,9.350907627542544,111.82641459593924,12.740928935099925,43.00899071710345,2.3648159888148474,135.2763545886067,145.52281889361606,18.37297646146496,11.934990220024565,1.8685716501485168,52
,,,,,,,,,,,,,,,,,,1.9084833274036512,53
36.751188963367,10.093488229423023,28.667600684087176,9.104922716820106,35.46854192240141,5.205495497135783,13.706588424810452,9.434313912803507,37.09055303214214,13.639578822220038,40.39934149974068,13.275483773142199,24.14439063396071,1.9122805880894604,233.59283975419544,155.48729299628224,14.88474056043624,16.044682789575038,1.9630035294403505,54
,,,,,,,,,,,,,,,,,,2.0190508219330408,55
20.70548452883663,4.467172171165209,19.66947122965496,5.238663042852502,44.927896588082945,16.358797051102606,26.628605514934137,7.294653763619158,32.530139771130976,22.043731327161552,43.72039688456919,13.21956464728514,29.09740292963413,3.680466337881904,28.250855536102907,7.426205891439855,15.91244972306322,11.608010162084463,2.0621125598482384,56
,,,,,,,,,,,,,,,,,,2.1060730877203264,57
21.241001485470303,2.678584574393867,28.17963973522527,6.296709077511144,29.60681116578543,17.9079087374235,42.94781482850439,6.135022973240396,28.428577309270192,17.19491399033009,24.444832005552655,29.780436759529177,22.409108607922622,1.98410195033328,159.59684142205737,246.00915273259517,15.862483100708296,11.030102452754402,2.166115529713596,58
,,,,,,,,,,,,,,,,,,2.2122417459579915,59
36.87661353946798,5.773687206041699,16.295121844638906,19.967685697147886,25.946990274908764,15.173920268634612,31.35258806078244,4.985071570123086,35.18423035312332,13.634512916543937,28.04996439640407,32.7408692146939,14.586197018718735,12.585822117349732,11.671130592611984,9.367675115528675,15.881091854388476,10.559243569932878,2.259326101816033,60
,,,,,,,,,,,,,,,,,,2.323627460004302,61
49.99104528818452,12.137826001575096,15.05035576125415,15.006719168331289,25.378266729516028,11.17459343077096,22.250390457896415,6.25937900211118,49.50097284015667,11.060105025297965,21.87645076266745,24.76321441553285,13.165995999715385,27.631193858866336,229.1687657032631,129.77810855029767,15.998313509217986,9.20599434059472,2.373019331576575,62
,,,,,,,,,,,,,,,,,,2.4234315422739354,63
28.109040204436916,11.52851585656298,19.61290013375064,9.0991828843367,22.550309735757768,19.70958461821325,16.52457697001091,11.48444821657214,71.6993130819963,7.0937064704439035,23.309794788110604,18.94395580664203,24.088732959684087,17.958893449600886,33.57625128262892,4.465896306498076,29.63247939604693,8.661202610088884,2.4748832930541576,64
,,,,,,,,,,,,,,,,,,2.5273940279894926,65
24.930084457222417,12.012839512439152,36.089663452755154,4.777088833388901,19.23700148328344,20.817660029276176,30.88047873093431,11.229879906482818,46.92546752700476,9.160167289816954,28.564619623148296,21.9840974904848,25.009337510470896,12.81693592131848,36.785963848134315,4.752483180569681,19.19246702604492,12.51680131518776,2.580983429654348,66
,,,,,,,,,,,,,,,,,,2.6356714139081894,67
19.814826064629912,10.924202118375309,58.017321625551055,2.7383972782261394,19.815346647247512,13.386306534301188,64.79791810810198,8.977130903784854,81.6522529226267,7.8347548428528,39.703189584096094,13.813484047344623,30.56657235076879,10.693430099803878,57.442142948670245,7.702947304727294,17.0529012575596,15.074128500067664,2.6914781240414243,68
,,,,,,,,,,,,,,,,,,2.748423924251317,69
20.96583412388184,16.046411130137397,33.11498122915283,3.2664548864979417,24.796504811403118,8.706557729590614,37.744905168194336,7.243520949100107,68.54801843184434,9.346480254788318,33.672378285373135,9.055185765163257,32.82329046784531,7.177819327567541,36.21837160727357,3.2453341678323286,180.641276956488,193.40151126635203,2.806529392414443,70
,,,,,,,,,,,,,,,,,,2.845920886458248,71
16.536762853295464,15.934016088313363,24.08223810957301,3.589784367945086,23.955227773859452,5.423501667767624,22.148409615509504,4.192714473695172,34.27894045872112,12.837885134680384,30.541281469161103,11.440097558189704,50.90658230867484,5.261721190546815,30.707264312467878,3.500599066534435,224.9460062270176,191.19392218842236,2.906005417957197,72
,,,,,,,,,,,,,,,,,,2.967305473366943,73
14.28534354716362,13.05067440676164,22.980210156002805,3.701056433749117,30.59572045407008,5.924704227797464,20.448193051795677,3.79314329991968,25.99186137024476,13.612059079306167,29.23521688801757,12.522751213478674,80.23480311285516,4.0731111541464236,430.55294226124573,494.1325207492768,18.190624314490886,7.047235342711115,3.0088579731457497,74
,,,,,,,,,,,,,,,,,,3.072231290973469,75
15.311561044503891,9.856058509089609,17.916294390284808,9.647494661102977,21.168079594129352,8.775420050385549,19.31456225083209,10.2502153315981,26.964402394374023,9.628829913679944,26.596190529396598,13.191819296936336,131.63931521406016,2.574836576046565,80.55516136584295,5.603719479110955,27.916480555281936,8.33118613436495,3.1368772698499368,76
,,,,,,,,,,,,,,,,,,3.180692339637526,77
18.044674896278888,9.462889522597775,14.946918430297076,13.720027167283192,21.72947727244024,9.796735713286113,19.551496643020307,19.13382984813993,25.12760497238147,11.115678120260233,25.747773899878407,19.3592065846718,56.40526896487402,1.7285163346529142,29.59948716452928,6.077854751967129,19.139043503529408,6.640582879099388,3.2475077386178577,78
,,,,,,,,,,,,,,,,,,3.29278934427696,79
21.70635921060343,14.301201412793189,13.911259960787996,12.106612057557571,55.01387735332797,8.057791800031486,14.31995726716175,16.46534336569155,22.290499348345847,19.478635059202222,89.22681990615379,17.32434215985263,39.761314371862966,2.0598658857060754,19.004540890443703,6.583358285783127,21.013861186113857,3.466192901768438,3.3618350776082777,80
,,,,,,,,,,,,,,,,,,3.4086240028754324,81
26.11426146710599,15.111700654988436,14.181951339097129,9.910383751382849,125.77615248116867,8.557976039745858,12.145680582667657,16.1549842772579,20.046204956840693,23.318302151357077,196.00459889422373,14.712558529544,48.62400369445703,1.0756084682335068,21.986435368020278,13.440343088221148,25.72138976130584,3.3159727837926973,3.479961474656566,82
,,,,,,,,,,,,,,,,,,3.5282987876937213,83
66.80424784259445,14.042325210513312,14.565463145183868,9.411869965598482,77.33406565671909,8.641504796436799,12.6064661436274,18.089052923022376,24.459378419632035,18.67196617774644,66.07291179803899,15.103421553744733,55.48000859091244,1.777789777914898,16.62289784140745,34.596800037153756,62.07207784030833,4.277091058094992,3.6019897617620327,84
,,,,,,,,,,,,,,,,,,3.6519167237611208,85
39.36263714235567,10.500347172816776,16.151803386810695,4.901022262146332,40.35586689041887,8.566696762341284,13.183130253444384,17.986733339543186,19.878635818653905,10.058221883373353,44.115578157762315,18.711267035965385,43.71581455448824,17.212523116759904,16.85895091587835,52.62517414487497,50.35417662225908,4.673476715118932,3.7024911227143984,86
,,,,,,,,,,,,,,,,,,3.779581143664456,87
33.38015166110941,10.18957352228526,15.865599576462987,5.296595616261175,31.9786365770695,10.240588668780036,13.55281612061692,16.261159391239794,19.750275889716274,6.727430611921795,33.931130004525926,10.908803196452652,42.696703329168535,35.67296426258567,25.86214648214853,35.50332430410659,27.729434154036156,4.715244908478911,3.831803087380354,88
,,,,,,,,,,,,,,,,,,3.884695618980985,89
29.072534202754834,8.945775161948822,17.264947804260373,5.87063943234202,34.60696242075595,9.169269759294364,12.928797753812868,13.599272044739752,22.46864588239421,8.074004360150612,32.80644534124452,7.671957374322351,88.22430716842021,30.98826261486149,21.289534039472024,17.729691042872886,39.10154184884217,4.978112682242139,3.938265337136893,90
53.80464073509254,4.632851296332272,24.486352448176046,5.302183736215515,76.21387096370788,16.08367159442641,12.176557059689728,11.293423638245024,68.38752366156928,11.458490315535284,32.19808552890227,9.315219072949843,56.273454313984814,21.173806453644904,23.77091495347211,9.064255025613308,52.06659837778424,5.215853733008577,4.019904040912364,91
,,,,,,,,,,,,,,,,,,4.075195500867405,92
31.369362735679896,2.604179623440808,47.31035687414487,6.662536455251076,28.54862325465303,42.82094819977672,13.533012587547883,11.826007590709455,30.343623123747687,8.398161861731081,24.128510089252202,27.030281822765843,25.799742376805757,15.041964446674472,32.95728276297261,4.373172908682341,44.164471765345674,4.909966230281912,4.131187117639905,93
,,,,,,,,,,,,,,,,,,4.187885403787746,94
24.49739996593903,4.902655221681949,28.22954121202961,13.363605363585387,18.01459109566343,60.86089799408844,14.072473740485202,9.810286802446335,22.164315524867213,6.421687916710433,20.18953202053604,43.55591055285392,24.14149743108512,13.347874308228574,43.96802454699762,2.7450876973293767,26.660475444504137,10.389531771489276,4.2452968426604185,95
,,,,,,,,,,,,,,,,,,4.303427884508465,96
23.60443729326695,19.259997974291597,27.198486545982217,12.872091124422564,19.81428275559224,40.68037418240812,19.593199555884404,7.478457324285446,28.286733765231048,5.680996606056366,34.063470461505226,30.916835192990725,29.960529473644165,14.038403715326233,62.08035157412503,2.8673534147703688,30.691740427614487,17.473010211492696,4.362284942489244,97
,,,,,,,,,,,,,,,,,,4.421874388570173,98
16.923990486423236,20.744656387527765,66.97075313531168,9.34189077550572,26.23806412739572,26.936537818607032,16.095979228217143,5.579546626415506,22.177690743276084,4.285520390207628,32.89686934009726,16.42638871315187,24.188511706393328,12.536944574031097,244.46939306851897,4.42621457223998,19.982850010263643,19.157461466714086,4.482202549331073,99
,,,,,,,,,,,,,,,,,,4.543275701667361,100
16.461801305190495,13.666257532313896,73.53380637008965,7.581813539889125,20.846521801289235,19.40737731933431,12.655206135815185,4.264220063439944,19.686611954614296,4.947518610199784,29.706726597251336,9.889999935679757,26.506639384409727,21.183536252385665,77.52690323987123,5.8598404611872175,17.74506800926181,13.892474616126705,4.605100068396202,101
,,,,,,,,,,,,,,,,,,4.667681813768118,102
30.20518163215057,10.347921090750736,37.77132433090266,5.594847707937862,23.33062660416972,10.566023495307151,12.725142129655994,4.99983622106062,19.630924982733585,7.005501780998369,29.53688301356623,8.024278720366068,105.33581427646132,24.79946365604609,55.10622137554225,11.7150945355013,22.37338307750844,10.603733344207054,4.731027038886768,103
,,,,,,,,,,,,,,,,,,4.795141777040001,104
34.105572024283354,6.114613367120612,44.4136112687186,4.660024455982408,21.929820613081944,6.108346443124059,12.404838710479758,4.217679395973799,20.994196344691552,6.562739780676272,33.23164810370163,10.030073737282747,75.14778879825683,34.81985542727953,75.80284912540282,2.2672139061107046,47.70694408276825,10.252345506419307,4.860031988945721,105
,,,,,,,,,,,,,,,,,,4.9257035579162896,106
18.63100139749653,4.178208637477872,96.41502806623222,4.353822127847916,22.55417348498717,8.749827606880617,12.766178534453609,5.177320128687287,18.982417708193395,8.251334050243889,32.96066042452664,12.957804429838163,39.67464254672235,34.20981088337818,54.6726524446586,1.6475246655431564,26.54423542265953,9.31623731014464,4.958834167462915,107
,,,,,,,,,,,,,,,,,,5.025688621808686,108
19.0188844232444,3.650058208975104,27.848079040221663,6.104446465108192,27.20732531645416,15.240779654346095,367.7999450361247,339.9311451139061,18.512944341045017,12.106065092615747,51.41240935094509,8.781025708249906,35.90997005983121,23.734818932275456,40.27661474466905,1.4595624385776955,17.73132888572445,8.586875670242987,5.093338770433033,109
,,,,,,,,,,,,,,,,,,5.161790186576062,110
19.715067734679927,4.679498245305854,21.066755221549943,12.27611092863026,26.924927370294252,15.62989120224326,13.405741602846984,1.1568596944433072,15.959605037814814,15.514297816049789,33.54909157942669,5.963448081419555,100.20931411561264,11.855727559900368,40.04580504033517,0.8523968261151604,16.995534786329237,6.364214762566718,5.196318084388502,111
,,,,,,,,,,,,,,,,,,5.265981631351412,112
34.01360076335645,4.287197389239124,15.180175280051166,17.815253615102886,21.38153423709022,11.661425760102835,401.058982886449,394.3437763712073,14.9534788680314,11.811479881181352,40.928947990283405,3.981318497666488,46.06495335012053,7.5366258860501265,32.614043091311515,8.979889168864418,17.46875610817916,7.104111767908246,5.336459929822709,113
,,,,,,,,,,,,,,,,,,5.4077581800180665,114
32.282232330916905,4.31581228870011,12.71921710852954,24.801920308473488,21.04435125946737,7.091345073608334,13.72401317500116,5.234004274549459,14.7331661494043,14.62449505353252,28.732804029184752,4.679586277841865,33.68942817119052,5.06824905140159,23.988223059690178,41.52409178894542,19.00717607869847,4.86956477662776,5.443716379840261,115
,,,,,,,,,,,,,,,,,,5.516254047488027,116
19.271970014716707,5.5240145986444045,12.618882762454156,19.708342070347296,20.62490547629716,4.048699985607587,13.823622308455109,3.795291093061999,14.095871501452349,15.156955193959636,26.91285850052284,6.037594588320712,34.18083855843645,3.8416860638608497,25.483914795184187,52.31768206451222,20.03558678923364,3.500142484012364,5.589624137566063,117
,,,,,,,,,,,,,,,,,,5.6266228345338405,118
17.394196974824784,7.354512538821328,12.33820396525172,16.30681577318214,21.239104503388386,3.2402182715584127,18.575898610225234,2.832798574036105,12.690348111325383,13.138075236762354,24.172736653891295,9.707334802223414,37.62973898604266,10.52404807824104,47.54929987829061,43.01758828610323,57.86321157277788,2.722408699655482,5.701250444929451,119
,,,,,,,,,,,,,,,,,,5.738880497072539,120
16.071103517006044,8.388168860013247,11.79311958077514,14.66124122369294,21.352859085305766,4.105762643070442,43.31098290468032,1.896976897033188,11.36061068938787,13.596538997053235,22.721568913561203,12.588194476333788,42.24163149758891,27.347138964804465,35.24227596110705,29.44114744470923,34.517066051837375,3.5670053775596493,5.814775874208993,121
,,,,,,,,,,,,,,,,,,5.891521878454497,122
15.589003587124706,10.28416600222246,10.154615746646407,16.482448339528556,21.659850678402783,3.769024137854649,61.26684608154305,1.2419310718789158,10.789297956872987,14.170196220133596,19.99386317936445,14.265770794830788,29.943706395821813,31.252486803953317,26.910298685743847,31.217689668929715,22.566436963843305,4.503243768914993,5.930215178562359,123
,,,,,,,,,,,,,,,,,,6.008244914241371,124
16.22371980942608,11.268422275638263,9.908790082642376,17.696237134052268,24.94498609268011,4.314741493991594,69.76792416327815,0.7633982856709485,10.746493783813444,9.879792520935183,17.578860822536846,19.851691001079676,24.378565013928792,29.900942973755164,22.29174443924036,21.420669090172467,25.27634333785893,6.0691300171310765,6.0475823352797695,125
,,,,,,,,,,,,,,,,,,6.126904669625373,126
24.94697953880794,9.918837950577464,10.533140988513637,13.399652323441265,23.778878145506212,3.9766471567452,73.25488835805197,0.5765368905053329,21.236079988892115,5.81081119956279,16.285467740533214,20.44317202911789,20.76953522054871,26.63263545748062,23.076305854840697,11.62927166850894,22.369150182485697,6.904848004197024,6.166890505476897,127
,,,,,,,,,,,,,,,,,,6.24751373944737,128
64.152460147819,5.901702477314459,11.662905901221944,7.040613369486228,21.86070489615353,3.1015259245984392,35.357511781680316,0.4502488785435116,50.65242139785285,3.636061302184377,15.539778109375304,17.701861937486445,18.99808643662699,24.984553836213635,27.34116195666588,6.068607779899362,24.02526861110689,7.628986471961384,6.288151994277392,129
,,,,,,,,,,,,,,,,,,6.370083836372647,130
100.26536931766027,4.010690651919407,12.444523479115167,6.989623694778897,21.93915951425938,2.57688625617846,28.373956704498447,0.4287341369891058,16.37369216027983,2.461666978903632,19.96951144913623,21.9731081092191,19.187120573122993,19.730994072796666,40.286755005688846,4.534494806350204,49.23602933862652,9.22522494894919,6.41137821166668,131
64.1497841390324,3.477687406981315,13.215966891144248,6.778996839320877,22.21491429146233,2.954704247394006,35.659241291474466,0.7705733059470986,15.88644111780706,1.6688329492577523,15.673278358207808,24.159388449264135,22.203512242153806,16.331867087345287,48.78331434347956,4.707454382824448,75.42613261954558,9.70379256555142,6.494625752296442,132
,,,,,,,,,,,,,,,,,,6.536579634205232,133
38.91131928750188,3.1154896280428073,13.68398894892018,6.168307366285314,22.18957401730944,3.554476479475616,116.65882907325384,1.279592734197205,15.535394394012128,1.64086568119802,16.730919159607442,27.866725860323765,23.45783332673641,12.576031981605693,33.77363111444556,6.575877744869356,184.57509148567553,8.364026911265388,6.578754047850824,134
,,,,,,,,,,,,,,,,,,6.663765767795181,135
24.563368895531447,3.026425722157761,14.417685893939872,9.502546530471342,21.13984494141445,5.230242796873194,29.80997652961287,0.30484875400012584,15.291662583482198,1.9614730843887316,13.819078756770343,33.86128206754759,25.56502436582428,10.303457454618188,33.235444681560075,6.162501480447673,130.41780442905983,7.1776305276448324,6.706603691236406,136
21.221000996018944,4.672911392100112,12.823591564513215,9.043717409611892,25.060761532188128,10.897096570484372,22.54395172717343,0.3017880602179829,14.7178840513779,1.886523610050616,14.889854450192315,33.127648387806246,27.27195079916484,12.178214669403467,31.158597737937384,6.206403689224178,243.32369678050864,220.45509567639047,6.792945111698238,137
,,,,,,,,,,,,,,,,,,6.836449148310662,138
19.830271574671656,6.519871721780561,12.554394279037144,8.680756572101616,22.10499288855242,11.812115704581897,20.484534906801475,0.4411060562914183,14.075892336068144,2.0778441127027425,16.58753686088567,26.43213650051469,29.66299653128307,13.95081865776422,28.300723982411927,5.466311485968537,70.98379236875788,12.348535556256175,6.880175740221968,139
28.37822737736628,8.800221473585028,19.034022605118057,8.823062561747433,17.43147198105416,12.026697791682157,19.37026026784145,0.7122893248556187,13.953586868333025,2.9219163616472925,18.03835525455711,25.875805487055935,28.892310440710045,15.417286484825464,26.853706440180527,6.626972151097992,78.55493688934342,20.065994413280183,6.968297522715587,140
,,,,,,,,,,,,,,,,,,7.012693145756433,141
44.671879135611405,8.82552570718982,15.940664070744328,8.385614413683085,15.653582092544012,13.23589524412398,17.40906959884518,2.2301668724821795,12.575633639867139,3.174990382046809,32.10452398094824,24.322509063815406,37.16155042846345,13.079741623722107,25.600821091163528,6.172676343176328,59.350787970385994,26.42801962491164,7.057312188765915,142
17.525511911458846,7.756256115396595,11.54702249605764,8.058684513662497,14.430669113949296,12.636320091698735,15.72665073227697,7.428298932537648,12.996587472488878,3.0563259607847906,94.16065652587763,19.51645883314324,29.225147708640396,15.753989090516487,25.58154575762373,6.771793721735267,37.972715356414255,24.950900156082447,7.147221247683246,143
,,,,,,,,,,,,,,,,,,7.192511584963174,144
15.717970048652292,6.173146980578668,12.24612894264828,7.624656878650954,14.711273782580223,8.996638161060622,13.660726972743412,24.796620873933488,14.733498449781488,2.5120916307873133,46.308464844962565,15.749309071616906,27.311476312068542,13.140312443653988,23.619373554119942,9.26052656306315,29.814156047526367,18.915339800963025,7.238025984732612,145
15.752900833134603,8.623660102511325,16.771458079405242,8.026424660792498,14.971069727492633,6.032099825326816,10.694086625818132,34.7521694803312,16.698843896674976,2.8322492320043815,85.61839431329433,12.410704890891692,27.74859990993764,10.087170227211608,20.96569490123976,12.211911918232952,28.44058890858116,11.195499843187006,7.329727457563047,146
,,,,,,,,,,,,,,,,,,7.375914737341046,147
29.60625251996747,9.113111493612088,18.61977961588338,5.878336579073808,14.872341682944644,5.210981474911208,8.702943045522188,34.965584985606,21.44156110280123,4.693520090784555,141.83409284934027,9.930510337650988,25.902690455214582,8.83715937672629,20.142372846725102,12.784833337188129,44.3841723394199,9.355135195177576,7.422326492846222,148
,,,,,,,,,,,,,,,,,,7.515823683135582,149
21.682612679964873,10.551567439715267,12.484658043659547,4.246325761001358,15.054529268747755,4.826166210285618,8.644234791748973,30.562885287867285,10.980096695557911,6.6683715916695805,53.04283680388142,8.21653475697155,25.864469747771764,13.534143183323076,19.890169874690596,13.764675421594964,64.87766592272249,74.31475669257951,7.562909206842839,150
,,,,,,,,,,,,,,,,,,7.610219383956544,151
16.581403243905726,15.474168966870367,11.606197020971068,4.086873276183806,16.037973491794283,4.155847123823609,8.351338835206116,27.556275054025875,8.82586669447334,13.407000454804404,33.250137523799744,6.751597197776544,24.39927782815376,17.313439991388908,17.855845773084894,22.13888318066919,19.887263903574883,37.91769689075645,7.657754221443944,152
,,,,,,,,,,,,,,,,,,7.7534978296688815,153
22.522870801512983,16.563322435142933,11.434584713848718,4.898770289051228,16.59733182768319,3.20985306470766,7.733575819756963,24.17979217551802,7.391488772117598,14.58955158632584,30.1017392210482,4.886011895824437,22.107570649840735,15.457476961320374,16.212595408333804,24.31407271743381,20.63543024209459,56.057628447884895,7.80170653839661,154
,,,,,,,,,,,,,,,,,,7.850139783352024,155
18.02461478555128,18.27259920055319,12.16029032302721,6.361185944534148,17.213441685741877,3.0220136302922,12.072906107866428,18.797639331515285,7.820164103321876,15.075248896340137,30.852551239592565,3.670614144593338,21.082153334023182,15.869137929123179,15.687023533532045,17.87459471841618,15.440589763845528,67.3900319802599,7.898797495178887,156
,,,,,,,,,,,,,,,,,,7.996785964777384,157
20.453143518671148,18.20948603725912,12.256407113767928,6.426716234997566,17.168628411694797,2.1087214237585234,56.650066765683086,15.435948736312339,9.06067963934858,9.044296492040386,31.003083542821273,3.338281848588904,19.980085454000506,12.855651781194435,15.881339490931568,12.37339260436569,9.163803402970446,54.87346616666397,8.046116506452211,158
,,,,,,,,,,,,,,,,,,8.095671082722221,159
18.21374069009368,16.32876943226687,12.615989510945072,6.2637500312958485,17.04239189678683,4.693652783215804,15.871885182848027,11.461391789834199,9.541231283159073,6.486852026426036,37.63938287480673,4.051894107073393,20.232055424042496,11.700564575525286,16.728913944530987,11.10836677069772,9.051435844207695,36.64498435881858,8.145449546599048,160
,,,,,,,,,,,,,,,,,,8.245677471022944,161
16.066894868434716,13.493150979405295,12.18153126020428,4.773906204420628,16.479556652089304,7.036196358399056,13.78286459461521,8.816211774375338,10.173403112444232,4.853072713624512,27.845510290073815,3.8445967272591126,22.671496393172408,9.00543234514132,18.61331547613412,7.892266814430591,9.273849745201623,24.377925305151606,8.296126559325902,162
,,,,,,,,,,,,,,,,,,8.3467987907114,163
13.870012516962483,17.445398635787875,11.749645752177535,4.947275152227307,15.53309918161214,11.602558389340013,16.814157562349887,10.233617539483552,17.221244238340432,3.282776137244984,23.551175478514793,5.462917890735634,26.682206377161847,6.707926043469558,20.4817281476268,8.265565788665626,10.689590234334512,14.423016140143565,8.397693939815667,164
,,,,,,,,,,,,,,,,,,8.448811765562718,165
13.046166173651404,18.047206046452327,11.575397362856917,5.113743499182368,14.350608328939316,16.41099983279786,15.798892974301616,11.317098016241427,16.61247250191052,2.5527154778304086,21.23565032670917,7.1309946908082145,26.259468145524213,6.767149033631536,22.03802466321568,15.06733109080795,11.918863805166188,10.960566190609304,8.500152011163197,166
12.646171099405697,16.071788364662343,11.305766493804576,5.196050341316563,14.159988390915373,18.452542388817506,15.73089432117126,11.933984516597752,14.708981015958248,2.0391957571595296,17.977121208253504,9.993390150022432,30.59846524992397,7.3067937107957395,25.90849424824362,12.473051006000492,13.387022388340055,9.179368827149549,8.60349865622863,167
,,,,,,,,,,,,,,,,,,8.655504463607784,168
12.390636362116128,15.117697686339332,10.828348495724413,6.09657232076524,12.514858782385156,13.037851525070662,16.252832623333443,11.909846097725392,18.44296099001067,2.04331923266348,15.500742737353132,14.90624963081219,42.10113335843692,9.430350243588844,41.84820284451926,9.701318032454077,14.934110439533484,8.182175996821513,8.707731506701299,169
,,,,,,,,,,,,,,,,,,8.760179450310375,170
17.74312735971241,17.559108084886635,9.729260381627151,11.202115986987105,12.490185223370379,10.825027501265048,19.06667895185244,11.208402759686953,16.57819977160217,1.259479488103681,13.77862376571604,14.739238351109652,66.64969501841347,10.852035440196063,44.22608077585943,9.581263124238369,15.726385349999928,12.732624949484991,8.812847943620643,171
,,,,,,,,,,,,,,,,,,8.865736620236028,172
14.017017813059196,14.38751167595944,8.469650135618297,14.806116524321196,12.304167423713096,9.747031645384384,16.275526956760643,9.7944819183629,21.63477709245353,0.9707770396757565,12.993767491309034,16.55002052287236,54.9328335390525,9.88699894464308,28.299292445137592,9.105046669031625,34.41132425373021,13.288310548652412,8.918845098217659,173
14.639554437535526,13.99979502723722,7.365730734872976,13.342376888768744,13.18661680273353,10.271033427363328,14.770983091685128,7.077633596386544,25.146959969287774,0.773879723071938,12.12929040025399,17.21835548810429,44.47997765223364,7.884277854379989,24.846527963049397,9.12009658432038,27.2542439158817,12.07436147087236,9.0257198530785,174
,,,,,,,,,,,,,,,,,,9.079485288786328,175
15.24320646311926,14.426945095853844,6.997173398103961,11.342817959704467,12.766572688918409,10.062242440767578,15.31104249247304,4.923163141151568,16.740252317099326,1.2745996754607467,10.786139147751824,15.237276685533564,28.999497914437985,6.711836875337528,30.637919605491128,8.126784784913943,30.11456960085365,8.195507892841485,9.133468843630704,176
,,,,,,,,,,,,,,,,,,9.187670058718282,177
12.98939496666434,12.392731792326822,7.075134274928807,10.612949645298793,12.25774598015489,13.73660773305051,16.762854182158293,4.783070180956027,11.366984667781011,2.7796922075449992,10.398117536235368,12.008056720881996,26.38203120761432,6.374706852488492,25.045775676656163,7.508515498523966,17.452900511225195,5.946098596884294,9.242088459951992,178
,,,,,,,,,,,,,,,,,,9.296723558105112,179
11.246851669423725,9.719765027773052,7.2604648094057245,11.60659746514116,11.42164696277558,15.049434814567917,35.0285905058392,4.523347662015567,9.976382718623155,3.3657858161455647,10.620278377364716,9.695649250072384,26.627484489058148,6.927333079578766,24.400149628902625,7.699945484529349,22.20550415574493,3.748199479114095,9.351574848900263,180
,,,,,,,,,,,,,,,,,,9.406641813093389,181
11.83944611679176,8.333050843072032,7.839972262109291,11.872111583599272,11.6872609771729,11.41650256789618,19.36372330897048,6.565635940343321,8.859739301579351,3.8980078923795944,11.141450843531855,10.018365485517052,23.73004326649233,11.090820470489419,24.782154454836046,7.330051097738447,19.939924324031242,3.0835048541460486,9.461923916562668,182
12.22574310199835,8.287125240426132,8.405482714869802,10.334951719281184,11.328385076408274,10.212814063067627,17.487731966017076,8.173484353936388,8.332943541604187,4.474021014714687,11.4572726113822,11.845753008630483,21.116916798083732,16.456296182859838,24.017337601241543,7.653059707182944,19.4095922610093,4.1653911244295365,9.573131331020738,183
,,,,,,,,,,,,,,,,,,9.629055500244888,184
12.606114791371263,5.880385156476333,8.698025362517804,9.38039327200883,11.03351318284502,12.742033590385804,15.104145049479328,9.549208990186147,7.691087786911924,5.619783972705672,10.537947069590285,18.640784823984212,18.27098323678852,17.76844553794181,22.635642897550994,7.235603535983678,19.31671229014964,4.074299928252462,9.685192525427432,185
,,,,,,,,,,,,,,,,,,9.741541799560094,186
13.3213323910763,4.4221564981488815,8.656504155251396,10.196764894599571,10.111385656987395,12.6462251176386,14.309008057737008,10.628836402895676,7.311577602254434,5.350214586019324,9.458183730507821,23.859042270069207,16.645053588480113,14.743276996773565,22.250857702231983,6.353071323593984,19.5805907012397,4.719770869277569,9.798102701391112,187
,,,,,,,,,,,,,,,,,,9.854874595547289,188
13.813294589007707,2.9046551475100255,9.401969642281273,8.17842889470259,9.559926586608505,12.239215955822372,13.032299457127994,11.34005144167386,7.537813750978618,4.397144270360107,9.42655750471627,25.83488944031589,17.099982856274035,11.54131215209762,22.653589895235783,5.526654459676049,18.747600415510284,5.065628668984308,9.911856832660677,189
,,,,,,,,,,,,,,,,,,9.969048749499754,190
15.743423599200202,2.467256757893511,9.705861698910095,6.602809478662183,9.20111350119176,12.287444347895132,13.28233082507874,10.859128037724416,8.496186807132618,3.3909746123636495,9.317613396212323,28.9369881341636,17.297205602714957,10.061225694420623,22.81377133768875,6.502505141726547,18.645532783674174,4.489646624183383,10.026449669104904,191
,,,,,,,,,,,,,,,,,,10.084058900928346,192
20.874972136767017,3.760239093394985,9.070497114305315,5.6843027756761675,9.153299177480312,13.643483307052596,11.933374887153258,9.910282595355005,8.375694950553543,2.670858823360464,9.600053876787758,22.12285909971189,26.72597069261141,9.870656094068982,22.002324900515685,6.8874055131558025,18.14139278788649,3.3597129875278635,10.141875740978344,193
,,,,,,,,,,,,,,,,,,10.19989947196752,194
19.116260641776258,4.776551715003628,8.96650036222565,5.35995404477586,9.333737555037555,13.169274486054563,11.886891534216502,9.256123752994089,8.879659594868846,3.0174436317189475,8.849492471839914,17.969655725645225,19.59577950777404,11.859154777445964,20.722054795493047,8.326624994636429,18.03324976911816,3.20561945393697,10.258129363465374,195
,,,,,,,,,,,,,,,,,,10.316564672054865,196
14.242564375957691,5.867139861739274,8.87915955939157,7.834037754117957,9.868740590927725,19.461236297346403,12.277359970539118,9.848482557309982,9.204004245850147,4.741532916600213,9.367336023886546,15.05118525757123,14.704750396737092,20.17083090376967,19.12549258746528,15.51939730878432,20.11616245330796,3.569870877408567,10.375204641492832,197
,,,,,,,,,,,,,,,,,,10.434048502874418,198
12.382785474951355,5.381901597339747,8.610979556756396,8.53093061001364,8.481309717987939,24.42482175086741,12.425626602390096,15.3172129701971,8.478213439327158,3.536292336257432,9.96489090483379,14.196099864699544,14.624244206212044,22.562837644556335,18.45118087570092,20.030594503043798,18.544748407683034,3.01668556451773,10.493095474801232,199
,,,,,,,,,,,,,,,,,,10.552344763553132,200
11.103975273647896,5.658822904819939,8.291048144007846,10.33905061157976,8.061621509748063,19.57639913387696,12.95807500618708,19.234802458756924,8.087146369897372,3.420435917899195,10.42333551132032,10.800331281846496,16.022331004040733,24.35672697613436,17.94637906528429,16.780125055069824,18.807483317816104,2.864511727718985,10.611795563263714,201
,,,,,,,,,,,,,,,,,,10.67144705609926,202
10.86116099449756,5.3831454402264365,7.740329320749059,10.64007608313077,8.259600492630275,15.67611492448074,23.183281727295714,16.727903051252465,7.194909099207366,4.0334051557106605,10.239466933569865,10.571304008141476,59.32706084861825,42.42995291864032,16.575950332805878,17.56307488555354,17.898337476849022,11.421928409522096,10.73129841244102,203
,,,,,,,,,,,,,,,,,,10.791348791070902,204
11.28187340013363,3.305767675159721,7.385631595406376,9.87216342714461,8.405524214120163,15.189067899915912,58.55418686862545,13.792680396274257,6.2655065307593585,4.96582007764339,9.524217048983626,14.71485906048441,23.14076976013421,43.210676048724416,15.205428892301676,22.392112651945165,24.663891722015848,15.333390625089365,10.85159733936031,205
,,,,,,,,,,,,,,,,,,10.912043193462022,206
11.458821122649944,2.6177250460874064,7.13174538703863,9.751706553015167,8.110254354549188,13.856343742557119,38.96877453263298,14.602747566893648,5.816789836022724,4.911091594107945,9.035602158538184,15.526879286813788,12.275461708234912,27.49751467504535,13.84129620108211,23.49925833090148,15.351377386996674,15.561021303777927,10.972685478505111,207
,,,,,,,,,,,,,,,,,,11.033523308792786,208
11.478304939326192,3.8443234615272623,7.342172942447511,10.313025056929074,8.064940356500657,10.893370917260558,21.28881393704379,14.897685230152907,5.365017374316172,4.893096785974865,8.326829593397777,12.966426029063369,12.357071777477865,21.61508962698748,12.896017275328216,21.830088038680625,15.176742367497747,10.688312193223586,11.094555788002832,209
,,,,,,,,,,,,,,,,,,11.155782009390869,210
11.234240049521315,5.567326663214449,7.958832828603766,9.841586387638147,8.404893741016563,7.563837825882053,15.95090748902359,14.585242976742707,9.892349920062465,4.530993849849085,8.680091970944638,10.204234104425463,18.088814380418036,21.05823741554199,12.470817578768395,17.64349582665755,13.524497909932451,7.6648109154039235,11.217201055996076,211
,,,,,,,,,,,,,,,,,,11.278812000849308,212
10.819638842505496,5.93567214717521,10.059152906573908,9.737553647669497,8.908470026536794,5.339451842391947,16.04091522322516,11.518057057524391,7.614237214076263,3.674753085086984,10.196672569285951,8.058694287183158,28.0222808919054,23.215902290275867,12.266275477181814,14.369614436541193,13.192162093650227,6.378519153226684,11.340613907183544,213
,,,,,,,,,,,,,,,,,,11.40260582864659,214
10.481859602812165,7.451947061374273,34.1479453392008,10.435771216199656,9.289390198339236,3.4322061041670686,18.850744683341947,9.88262549388005,7.836430682224221,2.1944850349676894,9.900064579345488,8.094010311998854,19.189358038423265,22.633866078329703,11.736219454224788,13.111856001632932,13.06620228574091,9.153909657608544,11.4647868095157,215
,,,,,,,,,,,,,,,,,,11.527155884914244,216
10.21991912896128,7.862699717104462,36.77444463996505,10.019818867767734,9.819983715336575,4.156844968013078,22.21677524121648,9.726771553146015,8.4541241089898,2.048856341669229,9.90083070927779,9.997867315124113,9.152699127785226,20.854593077260503,11.99557188929474,11.58869912484596,12.57426253017944,9.86079705138421,11.589712081030278,217
,,,,,,,,,,,,,,,,,,11.652454415336605,218
9.280940584512708,11.478176994063896,22.15227246612497,9.871200910637278,10.090029191809458,5.533079672384104,27.451917802588657,8.376322867883257,9.305289000887555,2.9220434325465177,9.538933529945416,11.323988112844672,9.171153366195764,19.89498193254401,12.127884289527403,12.586642897739976,12.456548468992864,11.215409503306756,11.71538189681262,219
,,,,,,,,,,,,,,,,,,11.77849352616758,220
8.996164956500545,12.7131682069381,15.17101815337896,9.628959303186448,10.461486191869023,6.193439687701203,56.09279741920711,8.522293453222211,9.374941434414344,1.5535643845415654,8.91203233163418,12.523060714419268,9.525480138104642,19.45550668590122,12.421350190079284,13.587409985848156,14.147928079433248,13.70283340276087,11.841788296065106,221
,,,,,,,,,,,,,,,,,,11.905265191349049,222
7.912668813330523,12.42427822444003,12.047927688227963,8.001836214562049,10.454703849192589,6.956387633901029,74.9463074964245,8.433511304856118,10.259317493293318,1.1154351149227604,8.133667537962651,15.403098031297983,8.704879865795771,27.374405894529495,12.978303947859423,15.232928349259128,18.06847676990168,14.97642684556562,11.968923189270404,223
,,,,,,,,,,,,,,,,,,12.03276125971513,224
7.652352639517459,10.818969476608427,11.244903446629875,6.645463362405774,10.47189013615106,8.388480025557126,22.845827794884755,8.751716723829054,9.903629171056611,2.8656526248561764,9.444982027068844,15.127201831585324,7.946009420559408,33.91079986695358,10.392354595630747,15.387722186750148,11.566376582564212,16.25182343042395,12.096778365432964,225
,,,,,,,,,,,,,,,,,,12.160973462266846,226
7.617703957146061,11.801782059988083,9.7154395826948,7.220623080606613,9.862645847462785,10.295002544970371,17.37301361588729,9.774145055324826,6.592871999778827,5.016883012818711,18.313918867469106,13.399413144434552,7.832322326751681,47.49756644936991,9.600331801933864,14.948991712385844,11.324812393596956,14.937740806843395,12.225345499383064,227
,,,,,,,,,,,,,,,,,,12.289893419501787,228
8.124607646077267,10.810357369276968,9.32550415107923,7.240562538594595,9.319352824304111,14.747660842613383,16.49568134400679,9.62144874519049,4.763256778671177,5.958624756110167,12.386248373660196,16.246476150873317,6.927425128738673,39.3350656761044,9.85897287060872,13.188836484438635,11.429342294384154,13.650822751899923,12.354616159128051,229
,,,,,,,,,,,,,,,,,,12.419512648783035,230
8.79476019900332,7.496612405428873,9.152818166934932,8.108868282170967,8.485068907874078,15.715214690525858,14.490497370875552,10.666745910108075,3.7413102635201545,8.702396379299364,8.157443924409863,14.543687580595469,6.740424250982354,30.944715664126058,9.307040599300592,15.567647171284465,18.05243109830567,10.73623828271581,12.48458181323533,231
,,,,,,,,,,,,,,,,,,12.549822571732395,232
9.429781207423853,9.99381470057258,8.670939863909034,7.2709099696602015,6.371706959874277,14.804464588990836,14.2035274351736,21.313953128438552,3.4409544228740647,10.446768266172327,7.773561454868552,12.985218426706016,7.095969045384936,28.000045526599877,9.51396511722956,17.296508968242055,23.389990332338968,8.55470482491904,12.615233838231877,233
,,,,,,,,,,,,,,,,,,12.680814521632618,234
9.701065920256305,11.848996987504467,8.665616739251218,7.3955848697239235,5.459117363244976,13.701663112489836,14.369839475208792,33.495997033260565,4.02339069406955,11.157109822424818,7.848339457388734,12.263245206581068,10.064983481741312,27.25931180548539,9.074319243823007,18.197953047076755,15.332115581102684,10.721840380457143,12.746563526005508,235
,,,,,,,,,,,,,,,,,,12.812479750823842,236
9.25035356198044,11.010196359380277,8.02361134510825,7.081940054350892,5.551568433203126,11.068681825703674,14.28614921846946,27.511679729774237,7.499386957127566,9.432655419255775,7.7348069753237105,13.25185320364921,21.466967908074906,31.744509629971123,9.105876568882817,18.255122799091495,12.1172737500501,21.196792137405943,12.878562091193064,237
,,,,,,,,,,,,,,,,,,12.944809438079975,238
8.518432403589342,10.080093616327835,7.093046144120273,6.9446730658576845,6.185335541123028,7.133848889692473,13.558395113078504,24.763494613239697,5.375125687235038,7.2282194600323235,7.330318107610454,14.567798156832632,41.55511330483416,32.581187541494025,8.442904512452602,18.960682558865365,10.32187676901272,18.494186706099043,13.011220678541196,239
,,,,,,,,,,,,,,,,,,13.07779469595062,240
8.242735700016597,11.250415838176139,6.706473585073416,6.88526973228389,7.062046929212057,5.199398883134991,13.089243195300623,11.030693843116387,3.9278645532058167,5.523738920298096,6.940938992241732,14.666905439842928,39.0706418808525,24.089394853321917,7.604834805675146,23.653847067549137,11.858941880345723,19.930913977385767,13.144530370226075,241
,,,,,,,,,,,,,,,,,,13.211426578054889,242
7.879944567088491,12.45076613886272,6.539863719251999,6.653793016423333,7.444584473533178,4.00310873477058,12.512986961338873,6.932381057792017,4.016704127489126,6.000446187826753,6.740630339393006,12.969563895898432,21.311161282241343,19.195202575785544,12.118817466996772,24.134892848817564,8.922067144899808,21.539605756709353,13.278482193118188,243
,,,,,,,,,,,,,,,,,,13.345696086314067,244
23.09875049056713,11.821630989279088,6.63771842724125,6.9686827771688895,7.52126823358961,5.5678505494585675,11.388865913279492,5.818924971935274,4.7387594552636125,5.334056817144154,7.408416047226488,10.599741099970176,10.754803265480763,15.993879454292133,6.7933336175349455,20.129509833755755,8.777624884546846,16.534616801734074,13.4130671259794,245
,,,,,,,,,,,,,,,,,,13.48059417811007,246
8.121762894763462,12.570990037475136,6.332285933353321,6.024784991448968,7.23007269483071,5.394990920128266,10.434378470879992,4.6267951491630965,6.9373171484782405,5.170116802948357,8.198297084556588,11.443088740849008,9.853226822577495,14.714008631077848,7.333781777092413,15.374083702059602,8.795784018289165,14.160630066080396,13.54827610657984,247
,,,,,,,,,,,,,,,,,,13.61611177335752,248
7.035159883590481,12.258930671106352,6.2373124008841225,6.277412245090952,6.825286484562008,5.952360433081844,10.045314997112223,7.237585440160931,7.327613064988318,5.73917621142576,8.254226937021091,11.278767100117737,8.549343647477496,13.978776516987752,8.241035736793034,12.246816862354104,8.852105833408942,17.32322472337116,13.684100038722406,249
,,,,,,,,,,,,,,,,,,13.75223976147795,250
7.203529850566585,9.603135857754193,6.219496697007153,11.725935113658352,6.544032564064774,5.806937626892627,9.914114673852403,8.925576159170497,4.5948568464536175,5.123422874898138,8.096108067088856,10.337780020515735,12.063046881749957,11.82083928767332,9.423429766615012,9.804045964627887,8.537271569124593,16.287326815010367,13.82052979916365,251
