InflowRate_Au5_Msun/yr,OutflowRate_Au5_Msun/yr,InflowRate_Au6_Msun/yr,OutflowRate_Au6_Msun/yr,InflowRate_Au9_Msun/yr,OutflowRate_Au9_Msun/yr,InflowRate_Au13_Msun/yr,OutflowRate_Au13_Msun/yr,InflowRate_Au17_Msun/yr,OutflowRate_Au17_Msun/yr,InflowRate_Au23_Msun/yr,OutflowRate_Au23_Msun/yr,InflowRate_Au24_Msun/yr,OutflowRate_Au24_Msun/yr,InflowRate_Au26_Msun/yr,OutflowRate_Au26_Msun/yr,InflowRate_Au28_Msun/yr,OutflowRate_Au28_Msun/yr,Time_Gyr
,,,,,,,,,,,,,,,,,,0.06647127880701513
,,,,,,,,,,,,,,,,,,0.08285551890415693
,,,,,,,,,,,,,,,,,,0.101099301709486
,,,,,,,,,,,,,,,,,,0.11990229711543493
,,,,,,,,,,,,,,,,,,0.14019508094283237
,,,,,,,,,,,,,,,,,,0.1616084031499022
,,,,,,,,,,,,,,,,,,0.1836627196673955
,,,,,,,,,,,,,,,,,,0.2072480626785323
,,,,,,,,,,,,,,,,,,0.2305610526536377
,,,,,,,,,,,,,,,,,,0.25649570565175606
,,,,,,,,,,,,,,,,,,0.28131986084536686
,,,,,,,,,,,,,,,,,,0.3085455030077809
,,,,,,,,,,,,,,,,,,0.3360086244230818
,,,,,,,,,,,,,,,,,,0.3633240406600398
,,,,,,,,,,,,,,,,,,0.3928584464329656
,,,,,,,,,,,,,,,,,,0.4217845366394565
,,,,,,,,,,,,,,,,,,0.4528384166734556
0.19636629854091076,0.05526866018535567,0.016800016199851282,0.0660000636422729,0.17148785416682916,0.05973962132860852,0.06879412088754172,0.023340862443987368,0.13492535010439213,0.0740124493291083,0.09398388730780681,0.02582763315329042,0.018771569806239816,0.01747697878511983,0.0366732129822902,0.03281287477362807,0.0862280011459225,0.006789606389442718,0.48273490297635047
,,,,,,,,,,,,,,,,,,0.5146027127861649
,,,,,,,,,,,,,,,,,,0.5485713147777866
0.24651789362197848,0.18742522662784805,0.07986528707824439,0.02313339349852596,0.3200100383653411,0.2058129077389996,0.1516784801316119,0.09754787012181731,0.28439755585709686,0.1310754062935457,0.22655775717437648,0.1086686916679422,0.08734907601238641,0.017826342043344167,0.07500948982573084,0.036028180152516395,0.12465594035833914,0.10658082900637995,0.5806405080928441
,,,,,,,,,,,,,,,,,,0.6145811106288943
,,,,,,,,,,,,,,,,,,0.64589949215388
0.5610992347927208,0.2110504705185967,0.5360866592368454,0.07748127496782531,0.6034232117484208,0.3519968735199121,1.3350280910691965,0.15971030555544782,0.11601275629656665,0.32860756093855087,0.34679693228014685,0.227233368985006,0.15983519100160534,0.08754224242137394,0.1818873473080348,0.08532986663833733,0.08293846770647181,0.15106649475107364,0.6836465187746339
,,,,,,,,,,,,,,,,,,0.7184760073069154
,,,,,,,,,,,,,,,,,,0.7550751403849797
0.552588198904222,0.5822912156810209,1.4480194004415532,0.5766220112472613,1.6495134499170239,0.5736647951051861,1.8354891610416748,1.4082495438046885,0.2461373398320141,0.13887565504283367,0.865714764133783,0.3685471424455248,0.2778411818702343,0.1863432826197957,0.3998287781321943,0.16137333486334055,0.12757505713553527,0.10124075635067709,0.787921774026992
,,,,,,,,,,,,,,,,,,0.828047199147906
,,,,,,,,,,,,,,,,,,0.8640571513750602
0.4517668172502971,0.5432508826320409,1.6423647042196132,1.3137020591072273,2.3460111048963226,1.4966028691903133,3.8991358871025,1.7575484885208628,0.8397357167256555,0.31943091073966057,1.0383311788678062,0.8545958965340164,0.18521519271091236,0.25428715684343495,0.695705833246782,0.39667437860562144,0.7449026278774158,0.13899840102323535,0.9016270192750335
,,,,,,,,,,,,,,,,,,0.9408235520130295
,,,,,,,,,,,,,,,,,,0.9817162432109339
0.8220983653376176,0.4102903226392664,1.5923693036000415,1.5522216166725704,1.7826724311491315,2.268806109459432,3.9303100570243457,3.522177179021088,4.266443133501344,0.9392086353371927,1.2961484125489187,1.003091600926101,0.22864876301568623,0.20497807609556012,1.458226539508244,0.7804240216592354,3.233533657362796,0.8642478456862495,1.0171412614273008
,,,,,,,,,,,,,,,,,,1.061333567335198
,,,,,,,,,,,,,,,,,,1.0996152207180008
1.4661559168148675,0.7464762500754547,2.1048841923896435,1.2990495687036567,4.79772846963296,1.4740756940980957,4.391897483596589,3.11446826492183,11.634802129386877,3.370708894307831,1.477802484647944,1.4186692662554574,0.4010939136614096,0.2419901521852685,2.291190039391071,1.4346571232392946,4.058251599735351,2.553770490796279,1.1392690677058177
,,,,,,,,,,,,,,,,,,1.1887329941227875
1.72693075892111,2.066586100416723,3.177432988111192,3.0884364887486293,7.0042095594535665,5.4223701701636875,10.433139427587196,4.476815696922659,20.794552945878554,10.766168941746924,2.98964814054963,2.2794428432975766,2.690412893429059,0.6665155293263612,3.64233252510536,3.2986379617908805,4.7500812474108605,4.5822338535094165,1.222887837331828
,,,,,,,,,,,,,,,,,,1.2669540184102086
3.8656846292652816,1.5035389491648583,3.834627115316086,2.5644331829343816,4.876911723214739,7.537877562375654,7.783483822179122,8.121334282202552,19.884583316740915,13.768016717330248,5.9429413459887686,2.6350777666176617,2.253597080852313,2.396270852877495,5.280595681724054,2.7769538814535184,5.713352854198825,3.9134324288850864,1.3125949903702092
,,,,,,,,,,,,,,,,,,1.359865573512625
5.126923552935808,4.231692680266262,3.7655149933080065,2.7825818561567464,7.894916486484141,4.5110671524385095,10.90114116718953,6.666961636315316,28.73422724486893,15.071758403175838,6.193381503652695,5.828757281939278,2.096556490026347,2.2084627206837024,14.383640327617224,3.3865144049090405,7.489729874260645,4.669767380062057,1.3988933134958883
,,,,,,,,,,,,,,,,,,1.449240943696033
5.467326279329181,3.840925462661656,5.045650364988948,2.89362181396808,5.374243321387161,6.773470866443973,9.04054359709387,7.225467676922621,37.47407197272376,17.73695457627816,5.2755407461609485,4.414757701541337,5.002839373030285,2.1140540872875953,9.621301543524503,12.11391886618481,7.736586346749807,5.226328646838966,1.4908067298866303
,,,,,,,,,,,,,,,,,,1.5335511640597344
7.847891306313526,3.9768580870265233,4.935449031699148,3.8675012071966344,4.994351101696584,4.168880671613107,7.598841871364659,7.712818132046264,19.391553709124565,27.731415551182582,18.416768844961663,3.4218613841484715,3.432900388153529,3.8348369269541465,12.31548410506666,7.957543507043072,7.845681433909246,7.00881813213136,1.577506484958674
,,,,,,,,,,,,,,,,,,1.6227057098538533
12.199614074402737,5.981877859452152,8.481571785345468,5.861631378109964,9.159169066841455,4.258155783726788,9.906985664512607,5.7688379933157545,18.80896463663281,16.4755023435315,21.324875908439335,11.048225560531847,3.984580535607596,2.946393920501046,4.446852795037128,12.437941881608104,5.528072954496396,6.234308403589794,1.669182644236522
,,,,,,,,,,,,,,,,,,1.7169718907593048
8.84252686697415,9.387572843228387,9.095939425122099,5.056761479903037,14.153637390154552,9.370805416384211,9.925118684137171,7.449819372691048,28.297129548083504,13.775658748489656,22.111012088725683,14.961538703115222,4.460202252488537,3.1223216414271793,4.0926340877392695,3.2186240383897022,8.567292506950757,4.765902724692624,1.7661088573246462
,,,,,,,,,,,,,,,,,,1.816629764214748
5.171343414629276,6.98333834440508,8.672332491735759,7.844992603581331,14.564484218551431,7.777588694232586,9.830077066533937,7.372692495393278,37.833946915492696,17.769941811249133,20.23218735866159,15.141101954880183,5.001600010917165,3.619616309410481,13.572784012749231,4.3015284717328335,8.99769621976702,5.922828230446322,1.8685716501485172
,,,,,,,,,,,,,,,,,,1.9084833274036512
7.341450083730555,4.35053477945088,9.755926975298209,7.363771853574714,22.61132925850435,17.39446220862489,11.801953728570904,7.734290064840155,35.53334700390148,26.49806110585499,40.44782207519038,13.140967246894435,4.2989349045387435,3.9471590618199657,6.601158714624101,12.399523451987328,12.069861256743426,7.486312381377695,1.9630035294403505
,,,,,,,,,,,,,,,,,,2.0190508219330408
8.146574804226308,5.810389991375656,14.378029799270603,7.902611345491249,22.874400053144992,18.226225085533223,10.91134488206595,8.78689394632653,25.621167637443502,25.265978045288655,17.7640136389327,33.759693368159155,17.371566316312126,3.3247466248426,8.816577406155535,4.611622514608785,11.15546216075141,8.386607246472842,2.0621125598482384
,,,,,,,,,,,,,,,,,,2.1060730877203264
9.682125194332016,6.6680854089221775,20.92421729438095,7.218090173586349,14.201818891204807,13.117080040771082,9.595859604623625,8.450917179179822,24.874580635736407,18.47919786550896,22.46769471059204,16.398645798591552,23.593304781831712,11.891746084616633,13.501332892932535,8.921566017378225,10.283183977178235,8.018958998978372,2.1661155297135957
,,,,,,,,,,,,,,,,,,2.2122417459579915
14.887197600983832,7.495950074430942,12.505114630116807,17.32087101138409,29.054828171919095,11.067860561267496,13.070043888496649,8.124653890810086,30.696442647117426,21.208049388598916,30.73611443466088,15.62712576982263,15.078645005358403,16.64149641035933,12.452183769463016,7.3284997443536595,10.22797831812644,7.687186930259274,2.2593261018160335
,,,,,,,,,,,,,,,,,,2.323627460004302
14.822498873863852,8.167100759677593,12.405598781494511,10.036416372258609,26.30776977777734,14.679258839278054,13.099004525634419,8.810521448553825,37.004053459482,20.0465374404036,34.50164637689865,17.402817816930252,10.513352266232111,12.091429672494147,12.676611633031637,13.43189843591448,9.765803814547631,7.656454598215001,2.373019331576575
,,,,,,,,,,,,,,,,,,2.4234315422739354
16.352765164243404,12.603630995413392,14.61756096126978,9.345879371659304,23.62682115336468,17.7642987213049,11.06443748711891,11.177162947410876,45.75455120903671,29.330670321866386,19.742175750912278,23.214210956560404,15.888009441070029,9.412641849033939,9.059519404525586,8.733106492839251,13.93532266675111,7.986661585122768,2.4748832930541576
,,,,,,,,,,,,,,,,,,2.5273940279894926
19.376969007226474,13.70267865155714,18.24940436766272,10.035495160683462,18.201089667830566,17.25090848538069,14.765395542147496,8.66162307386459,44.38381238741351,30.016053929684873,17.717211094711764,17.344671376636153,16.271888359403093,11.394050414759274,13.361453859500722,7.480800933084798,11.411954771674656,9.604285491996526,2.580983429654348
,,,,,,,,,,,,,,,,,,2.6356714139081894
18.607901386143713,12.647322452515551,20.716846562719905,11.997996558173485,23.539799460322858,12.537371395787469,13.556127160084284,12.228143303101865,64.25820213626055,28.55215669067116,26.851998434984388,15.28872749593941,15.880085930092799,12.122906353913555,12.352243035089227,9.287078121454622,11.13977820021487,8.860019913045816,2.6914781240414243
,,,,,,,,,,,,,,,,,,2.7484239242513175
17.789161805567154,13.623525463626196,26.950479196261323,23.105633532042265,21.046612687988816,16.139909041289908,35.087124131027835,9.70121267547072,43.28893425063588,38.148805020899005,26.217276407041652,19.575387040021187,14.033534328846915,11.723687291979813,14.477095457680408,9.638999329516556,16.514367589655294,13.126737007848755,2.806529392414443
,,,,,,,,,,,,,,,,,,2.845920886458248
16.661894491639703,14.01591843951555,36.388443929071855,28.402230804854558,23.1945024491919,16.070481232626513,30.56935593236596,26.317815815492537,45.30541384834496,35.493255029402604,42.2056565362824,18.719393585073405,21.364447795027864,11.281382879365127,20.362999883876,11.628941269681398,17.38734428654413,15.023146400559757,2.9060054179571972
,,,,,,,,,,,,,,,,,,2.967305473366943
29.23603341895251,11.472252468410652,27.363385079666585,18.113103359786194,21.937434955626145,16.29585383853819,22.963357832243332,21.29677937656899,51.39878709826393,42.325988858968586,34.96339600379002,24.418581214768174,25.33293004593193,14.313866250080459,34.43474513635451,24.439066358610795,8.39284316871455,8.890029834583546,3.0088579731457497
,,,,,,,,,,,,,,,,,,3.072231290973469
27.38113572748889,17.16627670021373,32.613106542661484,15.629421556370994,23.9440432265988,15.051683364465067,30.0977715306782,15.279159849776349,69.10041960116237,30.40024848391636,25.42816223915967,23.13290354204467,14.299749830296022,17.099532418545742,19.789630647977525,13.718407568924619,9.417986934591069,6.607081531550096,3.1368772698499368
,,,,,,,,,,,,,,,,,,3.1806923396375266
23.774493063724357,25.466973695096648,33.18699433891032,20.688496573737893,23.883754218834255,19.465002750998767,28.005631456477087,28.2815809637278,63.0965053050425,47.58191330157542,32.99487233955353,21.564110348327176,23.621829556619687,14.837264491095825,51.28804109281652,18.08721068430259,11.54421123653718,8.1640723642786,3.2475077386178577
,,,,,,,,,,,,,,,,,,3.29278934427696
26.857306620594024,18.94252348113839,28.243258533620303,20.33554235545563,26.660771086033964,19.074822003859506,30.839381938960734,19.954070478425688,49.28099818969719,42.23511814343436,31.54556453054912,23.81032499796525,54.72536479206025,13.9269934352494,45.044110237937,29.25234530257123,20.41659142062589,7.462936426320651,3.3618350776082777
,,,,,,,,,,,,,,,,,,3.4086240028754324
24.634060839864276,18.368438866596797,28.742806290228327,19.549143829078616,32.434643632266,19.086468307088783,28.0525077015356,20.997553910472035,41.44540167169418,37.98692550204085,28.514622953523524,21.708843272361698,52.04979696599196,33.19365162567314,34.49276860002326,37.472984535377655,16.14541414311528,11.646456832934469,3.479961474656566
,,,,,,,,,,,,,,,,,,3.5282987876937213
21.96094765631638,17.587147910473053,28.536994783476743,22.89950651457169,40.43762508642903,24.190933488192215,26.658337416404645,21.748483937010825,64.15214049970113,30.958820374697854,31.696947322636927,20.444546875273325,47.91450953332823,35.38464336460758,16.52433280959318,28.31280538864883,15.248607229567474,12.207686999908212,3.6019897617620327
,,,,,,,,,,,,,,,,,,3.6519167237611208
26.5671924896902,18.586975156666757,38.692535181260574,24.170828754423678,58.5055735966646,26.92569987517979,28.316814487304647,22.95897063346729,54.06382122392522,44.9011864160048,70.53295643940662,25.09827373405328,34.65311867703766,36.03313061954163,16.721437204097356,19.082185151534265,21.703098831390292,12.780565334096192,3.7024911227143984
,,,,,,,,,,,,,,,,,,3.779581143664456
30.66724041552116,16.4252472465276,34.06443688798473,25.39872104624729,55.69065027483332,35.98909416964173,19.293530490110264,22.386950310244774,60.82638845869148,36.47735062272849,51.77405658397765,38.2005075685442,48.80220953417724,25.43833448896965,19.23719057155908,12.170421873952252,17.86573828964202,15.578901137271243,3.831803087380354
,,,,,,,,,,,,,,,,,,3.884695618980985
46.67041147568343,24.701471576836045,38.618575634220896,24.449516372710686,51.502531572151454,41.3857191827553,18.97084449617951,20.084671856512806,56.47434839912224,46.70116478963984,31.768335691004648,32.22985234997943,46.43157378363134,35.21125220165083,18.98003565351848,16.659130996138547,44.12436296968129,14.625964457429204,3.938265337136893
44.040720512290896,32.17440778990214,35.69313571323553,28.60286036447044,50.27975326986152,47.23664553998809,28.85398399161219,19.066485414283974,60.263972475689194,45.39555196682645,39.89889831178008,32.90419082407075,54.57601524783256,35.8122587193459,31.67920653438737,19.931869689830307,48.68802874849236,33.410465772143496,4.019904040912364
,,,,,,,,,,,,,,,,,,4.075195500867405
26.827408800785864,36.581397977190285,27.137152086007383,24.99190160325253,43.692250251588874,29.415384318573008,25.085185026192583,15.685495784665562,59.651494110605135,42.19817132993271,40.326978655966926,30.246682560132903,45.73075042356709,32.950857368848986,27.049134477359704,18.126115800091032,24.091955140432855,28.018173390245064,4.131187117639905
,,,,,,,,,,,,,,,,,,4.187885403787746
27.667507123800856,22.11802712984436,23.512251844347688,22.115779185411597,26.044571688531132,33.689272639000116,22.060808669077463,18.320146988610205,54.50799688942999,40.38729945560945,55.98245477921368,25.936900549766406,50.22239037297967,28.993555022140132,40.110611301276506,17.815958681005892,17.973654665418703,19.65550958724976,4.2452968426604185
,,,,,,,,,,,,,,,,,,4.303427884508465
32.60552411500054,21.047826917905805,25.40261664371721,25.165687195625782,35.990430589878095,26.24878169551629,25.20487386812585,18.321465426092043,64.70398508233623,42.25322993863234,50.038610875347295,35.898869908720734,47.86682918960119,30.920790103268494,31.586856165744816,25.152240279952597,21.367376867382728,15.709956461571943,4.362284942489244
,,,,,,,,,,,,,,,,,,4.421874388570173
23.01220210663993,20.780718795267784,37.964303694065634,20.277937842489624,32.498516480371926,25.24092182161668,22.552969408258715,16.13004576702529,58.157898876181946,53.906250296618566,54.17444398306864,33.261434188292526,42.24730068649292,31.687779921909648,27.717004836886566,23.27391288039684,24.866483704742752,19.567611384162262,4.482202549331073
,,,,,,,,,,,,,,,,,,4.543275701667361
27.31682311965332,16.784199447393306,41.06570677612612,29.45494411167759,40.62807668593183,25.938009386376915,23.92059905386115,17.936855720343456,48.268602756166366,45.44877101463803,52.57544952544622,36.256687297358816,33.82454523749643,29.951390072870296,30.27599922238258,21.517763286575704,24.209917342760853,19.5668446762824,4.605100068396202
,,,,,,,,,,,,,,,,,,4.667681813768118
31.42430391690265,18.61864715045832,24.79975663697646,36.3080564688266,38.662998146021145,28.618654504261247,21.852418773451006,21.174668067816658,59.76554098484321,42.93475984757742,47.250615261179256,33.20057481652834,35.3785046072346,29.46876654672525,116.0938683864992,23.542692918650683,20.45732596924618,19.43581651446196,4.731027038886768
,,,,,,,,,,,,,,,,,,4.795141777040001
36.57895985836831,21.4767980245361,39.06678916462181,20.353538821872927,35.80249968535376,24.653726926757223,16.62936498858988,21.448714152292897,71.9838826589961,40.77459156182096,40.713092450123526,38.95319362972324,31.433564508724874,27.081759026762903,64.86437127826571,75.98887003703507,16.25219557578456,18.233224595849343,4.860031988945721
,,,,,,,,,,,,,,,,,,4.9257035579162896
35.982041938325146,24.670594885221124,48.44548149553829,45.87259475733156,40.79864450775146,30.61288874033791,21.288697844065865,19.83428771078581,84.3353189503879,48.97177781253132,73.24699975738534,38.71874193973501,34.78685376992891,27.95419493775072,114.63962393887437,46.24072070168161,20.055479841886555,17.74741972334966,4.958834167462915
,,,,,,,,,,,,,,,,,,5.025688621808686
28.06995127354428,23.89591137191069,43.06549464705514,30.37148545368488,36.533162754472364,21.401336382713648,32.15741261403838,27.205540461027873,62.28927400460735,50.29918835053479,44.28432771880185,40.71525328532908,37.977872917511554,25.749953718707737,80.11471588481696,43.013885450537735,26.97649993281124,11.719563180309445,5.093338770433033
,,,,,,,,,,,,,,,,,,5.161790186576062
35.49972013501734,22.14107488950439,41.42447771702536,33.110362065706724,33.26558061614758,25.942270264764893,16.76642437600041,19.80224293468088,63.94931822702616,45.72887870643769,53.77935660069762,47.86600048132276,108.9115740666612,30.89347477428532,33.71235062547819,51.07081115624101,30.099061885457527,18.93265006182557,5.196318084388502
,,,,,,,,,,,,,,,,,,5.265981631351412
36.792501979375274,24.2845274934082,47.617650964658345,23.839993903056275,33.73709248291346,20.056372218896716,25.78699178158924,22.37758764071889,52.659566976934414,45.4228880270076,65.75041904004811,36.98121741014029,62.171455567298125,40.68657136280765,35.66043015806362,39.18710905004929,25.726768960056567,17.54756972938611,5.336459929822709
,,,,,,,,,,,,,,,,,,5.4077581800180665
40.32268706445402,27.976772325196883,42.00639853745493,39.316549081741705,24.95899046752937,24.91894300760035,19.368234915065017,15.444147139554635,49.14567984213451,52.715360688346905,71.72379764618752,51.50009744235911,49.74358435948079,37.720053032167115,35.2927823511808,31.933439116476578,34.213827247025,24.00133890253753,5.443716379840261
,,,,,,,,,,,,,,,,,,5.516254047488027
30.674061632626287,25.595829244559845,33.90500096591562,29.7415790545708,25.576683752107638,19.811875261052176,20.980608283568333,10.49862797829572,46.8058944558358,37.7967694164108,69.60513087680174,39.3243534509684,34.85547611111445,35.040881821513544,34.18146687902469,23.845940551016096,42.173182913471,21.092864863027792,5.589624137566063
,,,,,,,,,,,,,,,,,,5.6266228345338405
20.886124554119927,27.740144924154727,56.26636468429261,29.67062690437863,32.80452207832916,22.71604646789545,23.77018691733089,14.608595858668384,39.838221716001215,45.42294522410194,65.7782407577261,51.67964388073312,41.152347858465355,28.254877557260425,34.83947547107557,25.46523530506933,43.775566554681134,32.30482323241789,5.701250444929451
,,,,,,,,,,,,,,,,,,5.738880497072539
28.538820595221495,18.9563865154948,39.34665784163801,32.839945310222305,40.85509253694136,20.48875156603644,25.411029154413292,16.306901631661347,53.580869192803775,30.594157254305248,88.80007620870158,50.65778446734352,33.593960364241674,26.1059739582879,63.486931098764,25.44061505663404,46.7059469954092,28.8580195456668,5.814775874208993
,,,,,,,,,,,,,,,,,,5.891521878454497
27.8571049357764,19.660652474935446,39.61458639998413,36.543163153402105,40.557501320816876,24.20536465768557,33.67656065182331,17.475983477375085,56.488027784981966,35.0256980558549,65.21423404889894,59.9849409329551,34.381565569486035,27.257607213942386,44.79506292154664,36.55897470831929,48.45995648215908,31.99792837421792,5.930215178562359
,,,,,,,,,,,,,,,,,,6.008244914241371
34.732891355195214,19.7952983072014,32.07882342529563,30.525377293912253,47.2054355043037,23.12533522687176,26.63380439176327,21.12633025317969,49.91958523827988,41.75764678294541,77.32567125200538,42.267938751842195,25.03286345275572,23.99044707635191,46.49413944617602,32.44164447665423,56.41644477845102,29.347906531909597,6.0475823352797695
,,,,,,,,,,,,,,,,,,6.126904669625373
41.20701630954223,24.08146908652792,65.16725603256555,26.810152371896447,53.48063629933469,28.367032087771413,29.755966576739116,17.803237077915878,55.36330918479595,34.4607698574394,63.007081940956525,51.80565478832349,31.02996063517955,21.40587469237141,50.97221150428226,30.364351119463898,50.04326951308484,33.76112644896572,6.166890505476897
,,,,,,,,,,,,,,,,,,6.24751373944737
51.249775154748605,24.252594763055107,54.812900547586814,45.65547820647638,39.27540311336052,29.771835936945685,26.85877966373261,19.881970701468386,48.61545033991352,41.52100442934976,60.447418427985774,51.04240695041526,37.579259892789096,22.81986871785052,65.05036338768127,30.55333718889927,49.364474140306875,35.2463200854997,6.288151994277392
,,,,,,,,,,,,,,,,,,6.370083836372647
35.268183955455896,30.952079471227623,49.350541803400375,37.98211929257105,37.26617345094845,25.31520345362508,41.76058653456268,19.659498572092925,52.8950274091024,37.88664559730046,66.44154670079982,52.17409657444319,40.5171593884498,25.264623664528525,34.62884298249063,35.71284205137906,34.3802924099923,39.64088420948165,6.41137821166668
28.228656844879417,31.124389697886674,58.366741730848446,34.31020989885042,44.05650693687488,29.59560463927987,47.528192263799056,28.040380093517317,59.3510538547041,46.22596556183412,91.41002942643411,64.0276851457639,68.9705159799473,40.09379026680247,44.68990595068268,34.75472518669595,23.402574516376685,32.40339555523496,6.494625752296442
,,,,,,,,,,,,,,,,,,6.536579634205232
39.107904251768566,23.976419175368008,40.79749131684104,38.84437559980152,34.14970410636036,29.65367428821504,101.66200222846258,41.240289521072704,64.44438736573835,43.29366372157095,77.47314621160476,54.69873914263341,85.50885750695528,45.12808045131453,49.00530779745016,31.330101754875106,31.910383826840537,25.994417866535223,6.578754047850824
,,,,,,,,,,,,,,,,,,6.663765767795181
35.11312054443662,25.138394353691012,36.87134837354888,32.61167340301179,32.02127960590861,24.69073810041007,55.112854908725296,51.52677997675497,48.71544020528088,40.00253992925084,43.67686275237476,51.61627654029734,56.90768417312218,39.00006306862877,43.61060955935744,32.255776556301385,26.60658572503216,26.753116684733374,6.706603691236406
53.17534916120411,29.76138279577549,42.100752979773375,38.92483426237858,27.984212213333176,31.29174988336741,50.93440773958677,51.92736718348196,67.04488099672474,35.50782421808315,47.81810514825028,46.39917027738232,60.428174515664,68.38235312429009,68.38630416603874,29.713316723440155,89.3696761014849,88.32649981104765,6.792945111698238
,,,,,,,,,,,,,,,,,,6.836449148310662
67.67616128142505,32.78225266768271,39.23897321613772,42.88758632598986,35.355967954647575,22.994956731179393,36.91810874284059,44.12326290478864,71.30602224115295,39.03026700301261,55.92749727694339,42.56654679741984,90.47424024643746,45.95006711361695,60.41314952246624,41.334091691074,49.715937282575,25.125198449948837,6.880175740221968
47.08748496687501,41.000278267098295,51.62023993158849,34.8559315060738,33.57411319387346,24.420404122483472,42.7336007086202,36.47460102116858,71.741263315672,44.26095390344413,55.09922882619686,50.97306116108054,84.15568706719293,52.2252079799207,59.30218113070877,43.08614629578119,47.396797032714304,33.03891567284436,6.968297522715587
,,,,,,,,,,,,,,,,,,7.012693145756433
46.40048206554005,33.56036960692081,57.98565736310434,39.97494240003554,38.377141898856365,23.074113754982594,36.67743849794108,35.130089680687725,62.58123616818822,45.90410485086757,38.08717884463623,46.616753977209896,58.000383270734936,59.37090334193592,64.78451838307151,36.20649505229769,118.94631156387108,21.87607414206001,7.057312188765915
40.86382851913756,34.65453373405555,64.55284594760002,40.38398980272474,26.591353227549504,26.006117230864028,28.87200135607417,35.70409610085401,52.62341183508054,47.27418666378411,49.80415550169523,33.09328175491719,75.50164139474374,41.0275365455,48.65285209118698,38.40158225257568,113.73082088445744,65.87127231511533,7.147221247683246
,,,,,,,,,,,,,,,,,,7.192511584963174
43.95599862109289,33.65497791934746,37.844166959423006,41.52495388471925,34.78171406889594,24.041120764420867,43.02125872270649,27.411431141390967,50.324812674776155,42.11821449306348,45.96690671955351,40.36634760291874,61.15659018144491,67.36155975808016,30.54852975909107,39.83643925725337,86.83503152667913,63.212193402422464,7.238025984732612
47.9342182922402,36.886348684116015,32.06982701123299,31.219492916463704,37.64741165392392,25.162335790723223,61.22852220513876,29.61281924814197,46.12419301195532,44.3171255622517,59.87725637302447,40.79570970876794,74.8905775982169,45.02811283311768,28.574965846056298,31.27576202212733,34.649885689178994,58.196103381245614,7.329727457563047
,,,,,,,,,,,,,,,,,,7.375914737341046
42.61641827071631,33.924882848969375,57.272725302713766,22.71260203293616,53.457070726720346,26.08969727574997,42.93463825930753,37.4772646027306,52.39094916994944,35.18709698292363,63.28341487172861,44.10550412148348,57.34352678742634,47.2869072692081,30.835846498168934,29.505094784128595,21.470153892567303,47.824800745592206,7.422326492846222
,,,,,,,,,,,,,,,,,,7.515823683135582
43.904796511359855,30.968806787666853,44.20551701439191,28.521346489023934,48.757713447810595,22.475978602635433,34.7988077290882,24.877945157937244,30.98018663797011,32.17023449125268,52.375019755419295,37.70781262923664,38.18114009069318,51.045300769390046,26.368172301618014,22.72915474678743,52.95987170087463,80.47549581665754,7.562909206842839
,,,,,,,,,,,,,,,,,,7.610219383956544
81.12385762312334,37.00454589644556,55.81640922690099,38.609239940531104,53.549155792293824,36.95174134152329,34.276693104715164,29.968896985439965,39.600956299168566,25.1847533657978,48.46179670215542,39.546234759587534,64.05469820097645,38.27898165176136,50.866022906015374,25.0080609799705,24.80213963826943,24.287425593531164,7.657754221443944
,,,,,,,,,,,,,,,,,,7.7534978296688815
62.755911731288485,33.00891537258509,50.483519191206746,29.93805337312809,34.23111928610315,32.496964903092255,38.209601646409055,22.047939156474634,35.79811491624755,27.715118121244707,46.38217453142912,35.12571331561796,40.69631019995818,39.479450151575634,33.6242640895585,30.888288189504944,68.62481275646017,18.19668601598538,7.80170653839661
,,,,,,,,,,,,,,,,,,7.850139783352024
65.5124264505768,39.04972061184167,51.97199444581278,41.64291254495698,53.29543865797123,31.87459930869876,37.526479075640566,26.984790230925103,41.80919957146585,29.598757264379536,58.8765977493456,36.55538526521641,59.73636296277021,45.13033267428257,57.79642878397119,32.94638246812429,70.71736060035184,51.853908791734746,7.898797495178887
,,,,,,,,,,,,,,,,,,7.996785964777384
49.397356413159905,31.759891961508306,43.39140755804588,29.240698654899784,41.106346924421686,28.002517027820584,27.115586778004488,29.767937845095645,43.26589409614584,21.70926853919157,39.51007790615861,31.19347984597273,48.47545073099959,34.85645266691983,50.85875328324279,26.382021499369568,97.42966713463296,29.11474092971056,8.046116506452211
,,,,,,,,,,,,,,,,,,8.095671082722221
41.018127673827365,60.39144337926955,48.7918874859374,41.7284751391537,34.381117921331224,40.86485776385505,32.8347228014932,31.510352116569816,36.567805983064005,27.25888293984272,48.76748615541538,39.24728766545408,55.89248068555936,42.450711861208525,47.07986868323065,42.67540882644945,33.53036648654133,67.77396203614263,8.145449546599048
,,,,,,,,,,,,,,,,,,8.245677471022944
51.46750871279281,28.72307488452996,50.1272677644326,33.4477641541902,34.16562981511,25.420690823439102,27.96288555225344,24.10123604463111,41.07999861253452,23.817249383407752,44.55735260896549,26.31691506414221,38.561891419610255,43.0951096139296,39.92838433780634,26.951141336105874,46.56931343512772,30.735447175109908,8.296126559325902
,,,,,,,,,,,,,,,,,,8.3467987907114
49.87818987266422,38.424180946456126,34.192371732500376,40.9623551480456,60.525974753910766,30.887707032942306,26.060177743152664,31.327544833397784,40.394258983984656,30.52912257295944,58.73414428579871,42.38030757861104,59.82603974573179,45.236544036295086,47.174871280399074,45.35357737228904,45.843514144021256,35.517413235887986,8.397693939815667
,,,,,,,,,,,,,,,,,,8.448811765562718
42.15235512313031,37.30417550191592,40.249940341341336,42.23575283850221,41.70597380401629,39.76272005770805,38.35657844125857,21.99517116830164,46.390131242625,29.084754201830055,53.66654066354871,48.55696993769293,39.94707467386134,44.726323995566034,47.56280706996102,42.6188126003398,38.442683548283874,36.86021197471169,8.500152011163197
40.026794011421565,32.05762528919279,43.57679776605445,36.22624934688128,40.13229325106848,38.01749375900791,30.72569667403888,23.254737117656614,47.8299630527055,26.5892899285494,64.34590245126824,58.99513052602679,31.80763265291236,42.31185227105168,41.90211034170846,31.311319500080188,47.95343371666642,27.53987787643651,8.60349865622863
,,,,,,,,,,,,,,,,,,8.655504463607784
34.55978352928508,36.97007066597001,41.35259891367665,35.10754422223425,42.19999957926446,45.85246453890009,38.90362588439192,26.56001076660884,33.788186769640134,32.35876693053807,81.1548045450431,42.60801998555032,55.131493016748074,35.75004698167333,47.0136956220214,32.08253112694111,60.143325867878566,32.517358428123735,8.707731506701299
,,,,,,,,,,,,,,,,,,8.760179450310375
41.322056314126414,36.02719355448672,52.15222152047638,35.12793964521685,47.80823459229736,37.98975316989425,35.57310284544071,28.56666946445563,30.04886211346341,30.934249872775073,78.21218446159409,55.30588187681232,55.65044204317599,45.82339485447131,65.59784815122033,35.13771607036813,55.90210423269077,41.05289009951809,8.812847943620643
,,,,,,,,,,,,,,,,,,8.865736620236028
61.386201909284026,30.09821571941975,46.73671788555445,33.464987762544204,61.71511030983446,23.72099502595533,45.666784964788576,30.441745619925104,38.12410265596205,24.276645729603167,73.56990855016025,58.73718229826007,69.23533745258943,56.54206418775316,58.497606307584896,35.780269375780534,56.40191806438026,37.209226916690554,8.918845098217659
60.05208331333439,39.60930954118696,37.148551830681455,34.58583458157749,46.77817997710313,43.04992132479516,52.62872969165348,35.47236403186784,34.568463644124435,27.88004978130412,73.32235686146377,50.06047262587917,48.946319808764144,44.26496178973156,52.364265989980474,35.81704756103705,44.44109569791834,48.49842830358435,9.025719853078499
,,,,,,,,,,,,,,,,,,9.079485288786328
50.954776872570406,37.52904007171455,51.84344452920343,28.416101222913007,47.82965357812308,33.57989087667018,51.7728832774863,32.18167584785225,41.152141429235016,29.048088360296806,56.88575316838621,61.10948652972844,51.31253553894113,40.90381610504548,47.30848130223429,40.02051079578701,41.73756790676104,41.2165349953234,9.133468843630705
,,,,,,,,,,,,,,,,,,9.187670058718282
48.82415666797232,29.86759193883959,34.15039375268597,33.59286264674639,46.80949280930959,45.309113995911744,44.60844435049522,33.4459142915921,47.96202007863469,22.808759260428705,58.82095650807364,52.522484992918514,47.04010911893016,55.34886625240805,47.16938448069477,40.383292091324016,68.63743858425376,32.17039341963202,9.242088459951992
,,,,,,,,,,,,,,,,,,9.296723558105112
34.799534350121895,35.71493231951403,38.7817474138659,31.69761028926903,41.71609866598227,33.23395219698563,36.961765730024645,33.88300518780338,44.08319154405349,28.74897245835517,49.57131100211642,48.30922169014989,45.95621564674452,40.528378919898074,48.17074064489909,49.1710628033255,66.43258595004406,35.453229571218976,9.351574848900265
,,,,,,,,,,,,,,,,,,9.406641813093389
35.1137339116014,31.231861482003808,36.748617723515345,29.985707037525785,39.38189649348784,35.933590663714135,39.71549378208132,31.717064384473197,45.84947096296004,28.324172580524785,58.87959053850336,43.50173550891152,44.51986189240286,37.944555864549834,49.71260777017109,33.06278552764581,54.61276405770364,43.2177315927586,9.461923916562668
52.98610259937648,29.81525838719452,34.48750064406687,29.61848876336953,41.99068367221009,35.08425396181859,46.5464172758485,32.84633703291279,40.73095373855138,27.34541547552603,62.45547162626688,43.04014908617919,40.76695962545384,40.63251361601253,40.30725841294336,35.05390454545665,72.84029501004801,34.56380207307234,9.573131331020738
,,,,,,,,,,,,,,,,,,9.629055500244888
37.16491030165327,37.580542349339645,34.38739664620524,26.838521190503062,38.06037823740057,30.37400929077368,44.85724173598792,31.2231152392694,39.25864043897792,24.76424154433453,57.76709938322852,47.23145392924805,44.77828939940672,36.62503055603105,56.31200561081351,33.53290972631318,67.15352407806651,39.78895310846711,9.685192525427432
,,,,,,,,,,,,,,,,,,9.741541799560094
42.814797499985,31.656926504304565,39.52237417133039,31.27421821209224,33.58508438341951,35.82062145796425,38.76965741605468,41.43725626670093,37.21323976869044,25.37572055454419,63.28793849669954,43.79763825889605,51.28253161001162,43.86967335347352,55.9013941301293,39.90425298834924,56.64643812224777,44.190091048491965,9.798102701391112
,,,,,,,,,,,,,,,,,,9.854874595547287
52.05877692214025,36.44998007976368,38.94471890549544,30.935528308695044,32.67733502800596,22.291687551859415,35.54739966618423,33.11458082435126,41.47401793618224,24.17885980275806,37.41600768318168,65.09312874648782,40.78608783310965,41.63812071499003,71.75144870574086,36.59171890828376,89.12781328360339,35.21746501311234,9.911856832660675
,,,,,,,,,,,,,,,,,,9.969048749499754
48.83567060616794,36.101096711715925,35.90721770724543,27.89641122479468,28.739974582143308,31.61408228614605,39.296352159938806,31.19427969915849,33.864539978220954,27.592187301814327,92.57911797001132,37.556863707361046,61.36647073563363,37.540992794410506,59.249195926639835,38.61537354225379,79.3689219667195,45.056221192285136,10.026449669104903
,,,,,,,,,,,,,,,,,,10.084058900928346
51.778092344474445,29.692573328441597,26.778406057056507,29.414760175831933,42.75005531187416,23.600692354897525,53.85395157181451,28.394554674177456,20.47641431314161,28.639950151509183,55.83225980305804,74.61786421205534,64.05241314637779,47.81804668447205,48.595084534596005,40.34552775650926,57.4169927180883,51.60001049908451,10.141875740978344
,,,,,,,,,,,,,,,,,,10.19989947196752
52.994489044318314,31.613111371621567,24.2540819679096,25.51532948394124,32.81478706260235,28.063698392137315,48.56900684036952,34.10120864713788,21.90545586644767,26.037920622020472,50.76463794955489,52.3587113662937,39.18555387345467,59.259743034669434,42.59710342238199,38.964526221914255,54.12074566860509,40.94237952965936,10.258129363465374
,,,,,,,,,,,,,,,,,,10.316564672054865
53.22555074504498,41.58561247416714,28.86314133268424,21.828720790534103,38.65000449571416,28.781803445576482,45.00519818059437,33.556325419343466,29.39800689659222,20.75212582544263,56.16105681771584,35.16386028816206,53.65802775549016,40.2457569404614,45.35451377347726,36.069843310712635,49.44289408090221,35.18425957624624,10.375204641492832
,,,,,,,,,,,,,,,,,,10.434048502874418
62.70359019547725,36.5693694979228,18.20313048930256,23.73794337837308,26.877752187973275,32.4973097293377,35.68849746553444,37.110174584993885,32.87773175602911,21.55830066726608,58.680676793836255,42.33287371712639,48.36536360407074,36.939355493706856,33.5002459379701,42.64024392924561,41.3821140745537,41.86712340433289,10.493095474801232
,,,,,,,,,,,,,,,,,,10.552344763553133
36.75773246013237,43.8748321566764,24.594201771178568,20.240606463560635,17.235979871887913,30.838402963225317,41.80330248568372,29.1475298538424,39.49693451838882,22.729508335385805,56.08708402169645,54.57366872387811,67.8141937243612,33.615478773183504,44.921727146990825,30.495545023147518,73.98017950061029,33.66058325271505,10.611795563263714
,,,,,,,,,,,,,,,,,,10.67144705609926
53.79086564213185,28.609696660156928,27.45960005982754,20.728721954056365,42.084530399477615,13.616764897648055,43.59251529732511,26.041405948612407,27.494936757589915,25.52453853789736,58.2840796067494,42.49187229201458,43.88847190098536,56.79412551312386,49.98092263620539,41.11857646778702,49.05025828118133,42.84091236470293,10.73129841244102
,,,,,,,,,,,,,,,,,,10.791348791070902
37.52738555088371,41.86253187463466,24.326950779989595,23.282042595424635,29.012395639853917,22.559654068931703,46.8476631492697,35.776256200889584,35.59163948830452,23.20938571961233,55.20336755539832,36.87692796274824,44.99612926714024,37.0834571220374,39.30204161860279,34.40917465389066,40.29098464867749,49.33437779622589,10.85159733936031
,,,,,,,,,,,,,,,,,,10.912043193462022
55.24973184938057,34.60329426243012,20.995316880638764,26.29625139680717,33.65439952591409,18.434957138702885,43.25340212032161,33.71579740288748,43.11133354522852,23.833524589303305,55.759484772671605,35.75527504331957,59.62271025708556,35.9438010480696,50.407742910061486,33.1624735057875,55.604017312443865,36.519365561227126,10.972685478505111
,,,,,,,,,,,,,,,,,,11.033523308792786
34.88134928756594,46.64880566100726,23.3668094223328,21.05083683264014,25.695335358195372,30.84684192652828,44.26861117997912,27.175773230739583,39.37662882454797,27.64140805305149,40.59713017546138,43.21877464332809,56.71574201816215,33.9015113765326,57.617615430209206,32.02960926280423,61.64481303496371,43.01061748212872,11.094555788002832
,,,,,,,,,,,,,,,,,,11.155782009390867
35.47383904681524,35.48193940228209,25.353417963811417,17.059541180984343,28.937885883495102,24.97209865352834,34.66915361400725,30.14274546123977,39.79498941641818,29.685689367104477,45.73898493568997,40.807998709433775,43.81464327609097,58.588708747651786,63.075933705301125,34.56656030131668,65.88055491708653,43.39412424452796,11.217201055996076
,,,,,,,,,,,,,,,,,,11.278812000849307
34.121946490091624,35.43551286713702,28.001420255939177,20.373924789315044,34.31539583218229,25.233925928083337,27.65067299521584,33.23233892258348,30.134978667775233,35.78305126389607,52.27858478223935,33.359148913904974,43.44549539642825,48.47908805121445,38.11218332686386,43.170692439192635,49.81722350439858,45.65239661853591,11.340613907183545
,,,,,,,,,,,,,,,,,,11.40260582864659
51.61252231778025,30.069458231989714,19.417135532563584,21.95507340137219,34.487897589759974,18.002930787975775,31.51512318973752,25.382106918736785,24.629053043128415,24.681675172936455,44.85692518004728,40.03749169665334,38.654201757948954,37.02049670692151,31.443586769649713,32.86486054848846,54.97358404137661,37.9931233982592,11.464786809515699
,,,,,,,,,,,,,,,,,,11.527155884914245
44.87604989062042,31.06814249237124,20.48468483413397,15.11260807171068,24.409139275740586,28.601378860924434,31.79462480020456,27.011002881036617,35.63068615891839,18.492954721437194,32.43603396061072,35.562883738360945,65.9088406866956,30.98198434275076,42.77626027418078,40.183661464536165,56.02488022051126,36.136716949737576,11.589712081030278
,,,,,,,,,,,,,,,,,,11.652454415336605
50.60898109796085,32.02245367926216,22.527312876310024,15.934068136615112,29.665409627946715,20.1081806226132,33.28696587549055,27.371089010492447,42.53451583929488,27.080662860272408,41.28714777871646,30.855943504401456,56.22961851858072,49.19906447424096,52.979947232685646,32.10251937729857,49.54601500930445,40.69197435972679,11.71538189681262
,,,,,,,,,,,,,,,,,,11.77849352616758
44.99330725610494,33.47152180742276,16.276358348964273,21.51979190509668,40.85401498047538,17.39450073335414,37.67557710477471,25.525391281156015,31.39634402788467,28.24124849273206,41.74948693163524,32.86040929377494,53.72827350835745,33.90043685039618,47.91961385891744,33.204570528004446,56.2166162615785,34.554215582272946,11.841788296065106
,,,,,,,,,,,,,,,,,,11.905265191349049
34.7290500089207,33.534381352835766,17.787702279028583,14.81983331569486,16.936600361718323,32.349363792276414,31.769178642631456,29.532487430021327,23.892258999590887,25.626299890161967,40.86461687776559,27.62870481577075,36.255003253279355,41.1188085465319,37.79827549516233,31.280013986899434,43.76532197312733,43.72740332301517,11.968923189270404
,,,,,,,,,,,,,,,,,,12.03276125971513
37.00526353171504,28.16360127757421,19.32102254179018,16.122292271386183,23.85719488510089,21.057411841056357,38.188210268012085,26.744786895786447,32.751499649183685,23.551391880887397,34.61075536916278,32.22984122190776,40.11089861084309,30.40714800081904,30.13638105016379,29.141377998967528,57.10546444460852,35.50477651138697,12.096778365432964
,,,,,,,,,,,,,,,,,,12.160973462266846
32.558536711403725,29.416273601686523,15.136254726102287,20.808732596687463,23.68233810597794,19.195163426049795,34.790254132477415,25.702270119124606,25.049616934224588,25.339448726422656,29.583328357885108,33.06144828739267,31.112089311811115,30.11115933395135,44.87126269477312,22.320265448712576,59.14627710040617,31.24907788640555,12.225345499383065
,,,,,,,,,,,,,,,,,,12.289893419501787
32.6385723810086,24.7996731720736,16.27155512936687,14.741847067545912,22.39635158080719,16.932861441936367,41.58490077498509,28.33821996597205,28.942021780614272,26.50893564596417,35.38251161346593,23.53696448163272,26.174173032381034,32.53185085955516,33.988853703605365,34.549347941666745,41.91215158976895,47.60416420275772,12.354616159128053
,,,,,,,,,,,,,,,,,,12.419512648783035
39.36081235134489,24.73765184049121,16.700708609598394,12.791705483858607,16.01120546638193,19.850337056672764,24.37949512227831,28.634384967035903,25.0636081636668,27.07965804053462,31.236629940447934,32.43380255871828,39.723650476867846,23.391841551572917,29.71819307529804,31.687007237832947,37.49654461898385,33.92437192350139,12.48458181323533
,,,,,,,,,,,,,,,,,,12.549822571732397
22.72817913351808,26.3449712236058,11.189507792772936,16.36202389970877,28.74109292386722,12.919882015989096,25.62930715775368,24.539165828503407,34.56093360756554,20.836314951657865,30.832675914637672,25.494675743482937,25.05897652906175,33.77309012207024,35.07544359603846,27.373894144749308,48.91772274720984,35.07727897800118,12.615233838231877
,,,,,,,,,,,,,,,,,,12.680814521632618
32.6546039856928,21.415678158991568,11.019671930974456,15.589405094883045,19.318060773336676,23.831572432957014,23.498271069289068,21.897558805969044,23.570184520605302,28.997458865947785,23.23520903856518,21.616933977473327,19.053521830758218,31.291772728608983,35.0225836757206,24.01530982563901,33.56226446460672,32.54978818339259,12.746563526005508
,,,,,,,,,,,,,,,,,,12.812479750823842
30.150202351126158,27.886092649012248,17.346769924879908,11.383396462326695,21.181714814142744,16.447496513161923,45.07002167886535,17.659134184275143,21.269520822210097,23.13500224714258,16.510105226221473,24.741710148615045,18.517997898159926,22.336100901581464,20.32766691760322,29.014303427002687,35.658837642072584,29.891216898658556,12.878562091193064
,,,,,,,,,,,,,,,,,,12.944809438079977
22.380433357395304,25.48172953163479,17.348674613947217,12.90642530092376,21.56534616300708,14.034854894118652,48.275227386752555,22.344864356427063,17.95362091800895,21.756545638524447,23.66738606828249,18.674545566898324,24.910614530372367,24.729495860565425,26.03050899737374,23.39768627781085,35.358143398856086,24.693568729183156,13.011220678541196
,,,,,,,,,,,,,,,,,,13.077794695950619
25.84912797357755,18.937732395932404,12.5933974094038,14.335244038110364,19.920525694511817,15.198753173738991,28.91120962034653,27.71566908931537,15.692911803465803,19.25691346832518,16.191977261622593,21.88983519392975,28.51756676594252,23.568330768994628,29.70405445230597,20.16200813384591,32.616553238204126,32.281937631822345,13.144530370226075
,,,,,,,,,,,,,,,,,,13.211426578054889
14.484229854243045,21.933137701572736,17.11274404296485,8.496388045233207,15.11551977669174,25.76296848942409,33.03112044586615,27.19582032118408,17.293800965530863,21.34126759727865,22.240277293482517,18.566458058300952,19.30551733593328,26.26881083769968,28.495819506160966,21.59181039599536,27.059579593561583,25.975355962984025,13.278482193118188
,,,,,,,,,,,,,,,,,,13.345696086314069
22.95676065278957,15.752621819249466,21.183721811530702,9.557897824665748,23.14907905254956,14.424877247497225,30.410097324430097,25.287671337574903,14.715785777449604,14.95023058712482,18.246272828207562,19.903979581321686,19.01931627322701,19.15764171715603,25.06070266965788,19.527558002867988,28.427643338314677,22.77630202104664,13.4130671259794
,,,,,,,,,,,,,,,,,,13.48059417811007
16.14670950042964,18.260675884245728,11.485220005213552,15.576458217995462,14.79838347644466,12.857251914864047,30.837271199332964,22.98290671958972,12.497968248036674,14.93739262251412,14.8948527044358,17.659888275156472,12.018355092062649,21.140980205263006,19.64057582990389,19.009754269301418,24.84383615653772,28.93009140316865,13.548276106579841
,,,,,,,,,,,,,,,,,,13.616111773357519
30.056151234058877,14.204560479289103,12.478992111533344,10.92462686331811,15.505250163211867,13.563605909120396,41.37621147910276,22.3216125561969,14.048456254127364,14.757510194762656,20.949604906182994,17.641647622168332,10.262638967613267,18.949474564531656,25.294449358376013,20.122994014323474,32.6013402880519,17.428804831519724,13.684100038722406
,,,,,,,,,,,,,,,,,,13.75223976147795
14.70861675737381,22.027800592578146,13.316877230306195,9.786369159275507,11.599059275148628,13.789972116039708,37.920143195409594,25.652635152179375,17.83662243578737,13.766016793056272,14.313994683003685,18.30297028640298,19.181732754136178,12.14449344947643,24.218718880240264,19.826797896042684,28.07723310151716,18.91645042182728,13.82052979916365
