Time_Gyr,Delta1200_Au1,Delta1200_Au2,Delta1200_Au3,Delta1200_Au4,Delta1200_Au5,Delta1200_Au6,Delta1200_Au7,Delta1200_Au8,Delta1200_Au9,Delta1200_Au10,Delta1200_Au11,Delta1200_Au12,Delta1200_Au13,Delta1200_Au14,Delta1200_Au15,Delta1200_Au16,Delta1200_Au17,Delta1200_Au18,Delta1200_Au19,Delta1200_Au20,Delta1200_Au21,Delta1200_Au22,Delta1200_Au23,Delta1200_Au24,Delta1200_Au25,Delta1200_Au26,Delta1200_Au27,Delta1200_Au28,Delta1200_Au29,Delta1200_Au30
,,,,,,,,,,,,,,,,,,,,,,,,,,,,,,
,,,,,,,,,,,,,,,,,,,,,,,,,,,,,,
,,,,,,,,,,,,,,,,,,,,,,,,,,,,,,
,,,,,,,,,,,,,,,,,,,,,,,,,,,,,,
,,,,,,,,,,,,,,,,,,,,,,,,,,,,,,
,,,,,,,,,,,,,,,,,,,,,,,,,,,,,,
,,,,,,,,,,,,,,,,,,,,,,,,,,,,,,
,,,,,,,,,,,,,,,,,,,,,,,,,,,,,,
,,,,,,,,,,,,,,,,,,,,,,,,,,,,,,
,,,,,,,,,,,,,,,,,,,,,,,,,,,,,,
,,,,,,,,,,,,,,,,,,,,,,,,,,,,,,
,,,,,,,,,,,,,,,,,,,,,,,,,,,,,,
,,,,,,,,,,,,,,,,,,,,,,,,,,,,,,
,,,,,,,,,,,,,,,,,,,,,,,,,,,,,,
,,,,,,,,,,,,,,,,,,,,,,,,,,,,,,
0.149456,0.000277,0.00027,0.000349,0.000302,0.000282,0.000261,0.000248,0.000267,0.000247,0.000318,0.000305,0.000308,0.000283,0.000318,0.00028,0.000287,0.000331,0.0003,0.000274,0.000272,0.000265,0.000311,0.000295,0.000291,0.000303,0.000218,0.000303,0.000265,0.000329,0.000295
0.159328,0.000328,0.000354,0.000403,0.000346,0.000322,0.000297,0.000282,0.000317,0.000342,0.000366,0.000297,0.000354,0.000326,0.000362,0.000321,0.000328,0.000382,0.000344,0.000314,0.000312,0.000327,0.000358,0.000361,0.000333,0.000349,0.000247,0.000341,0.000303,0.000379,0.000339
0.171063,0.000382,0.000413,0.000473,0.000403,0.000374,0.000419,0.000326,0.000412,0.000398,0.000427,0.000398,0.000375,0.000386,0.000427,0.000372,0.000382,0.000448,0.0004,0.000364,0.000362,0.000403,0.000405,0.000422,0.000374,0.000407,0.000283,0.000406,0.000351,0.000444,0.000395
0.183663,0.000444,0.000483,0.000555,0.00047,0.000434,0.000462,0.00045,0.000429,0.00046,0.000436,0.000465,0.000437,0.000439,0.000499,0.000433,0.000485,0.000586,0.000441,0.000424,0.00042,0.00047,0.000473,0.000496,0.000433,0.000475,0.000478,0.000474,0.000407,0.00052,0.00046
0.19719,0.000517,0.000564,0.000652,0.000549,0.000504,0.000533,0.000524,0.000562,0.000537,0.000509,0.000542,0.000509,0.000511,0.000585,0.000503,0.000432,0.000669,0.000514,0.000491,0.000487,0.000549,0.000572,0.00058,0.000504,0.000554,0.000537,0.000554,0.000472,0.000611,0.000535
0.210215,0.000607,0.000649,0.000754,0.00063,0.000635,0.00066,0.000601,0.000647,0.000618,0.000586,0.000624,0.000585,0.000577,0.000646,0.000576,0.000593,0.000777,0.000595,0.000563,0.000558,0.000631,0.000611,0.000668,0.000577,0.000637,0.000643,0.000622,0.00054,0.000706,0.000615
0.225698,0.000708,0.00076,0.000887,0.000736,0.000743,0.000773,0.000701,0.000614,0.000728,0.000686,0.000729,0.000683,0.000772,0.000763,0.000671,0.000778,0.000919,0.000693,0.000639,0.000648,0.000736,0.000767,0.000733,0.000671,0.000745,0.000752,0.000748,0.000627,0.000826,0.000715
0.24232,0.000826,0.00089,0.001044,0.00086,0.000869,0.000891,0.000817,0.000712,0.000852,0.000927,0.000853,0.000798,0.000811,0.000908,0.00078,0.000911,0.001088,0.000802,0.000742,0.000698,0.00086,0.000901,0.000899,0.00078,0.000871,0.00088,0.000812,0.000854,0.000976,0.000837
0.260167,0.000966,0.001044,0.00123,0.001005,0.001018,0.001061,0.000953,0.000825,0.001,0.001087,0.000998,0.000933,0.000993,0.001061,0.000909,0.001067,0.001289,0.000937,0.000889,0.000807,0.001006,0.00106,0.001002,0.000909,0.001018,0.001031,0.000997,0.001003,0.00115,0.000974
0.27735,0.001111,0.001207,0.001426,0.001158,0.001175,0.001224,0.001095,0.000942,0.001164,0.00125,0.001151,0.001199,0.001146,0.001234,0.001055,0.001233,0.001503,0.001077,0.00102,0.000922,0.001159,0.001227,0.001154,0.001042,0.001173,0.001115,0.001151,0.000969,0.001333,0.001121
0.297776,0.001299,0.001418,0.001681,0.001355,0.001216,0.001416,0.001279,0.001362,0.001366,0.001468,0.00135,0.00141,0.001344,0.001441,0.001162,0.001439,0.001782,0.00126,0.001198,0.001068,0.001359,0.001318,0.00134,0.001213,0.001372,0.001304,0.001133,0.001342,0.001572,0.00131
0.319705,0.00152,0.001668,0.001983,0.001588,0.001419,0.001687,0.001495,0.001603,0.001594,0.001725,0.001584,0.00166,0.001577,0.001687,0.00121,0.001702,0.002115,0.001475,0.001395,0.001237,0.001431,0.001546,0.001585,0.001414,0.001608,0.001518,0.001323,0.00157,0.001855,0.001532
0.343248,0.001778,0.001962,0.002387,0.001861,0.001657,0.001979,0.001749,0.001889,0.00188,0.002026,0.001859,0.001953,0.00185,0.001975,0.001401,0.002003,0.002517,0.001731,0.001627,0.001437,0.001672,0.001815,0.001858,0.001648,0.001888,0.001771,0.001533,0.001854,0.002196,0.001791
0.368524,0.002083,0.00231,0.002819,0.002183,0.001938,0.00233,0.001967,0.002229,0.002215,0.002386,0.002183,0.0023,0.002331,0.002338,0.00162,0.002358,0.002998,0.00203,0.0019,0.002053,0.00226,0.002434,0.00218,0.001922,0.002217,0.002591,0.001786,0.002154,0.002582,0.002094
0.392858,0.0024,0.002683,0.003274,0.002519,0.002596,0.002704,0.00227,0.002584,0.00257,0.002763,0.002525,0.002641,0.002514,0.002714,0.001942,0.002731,0.003513,0.002343,0.002409,0.002368,0.002614,0.002826,0.002526,0.002208,0.002562,0.003015,0.002051,0.002484,0.003011,0.002411
0.421785,0.002808,0.003163,0.003793,0.002956,0.003059,0.00319,0.002659,0.003055,0.003035,0.003268,0.00297,0.003135,0.003187,0.003305,0.00225,0.003187,0.004187,0.002752,0.002823,0.003039,0.003074,0.003268,0.002809,0.002798,0.003013,0.003575,0.002393,0.002912,0.003555,0.002837
0.452838,0.003286,0.003732,0.00457,0.003472,0.003051,0.003501,0.003119,0.003621,0.003598,0.003853,0.003498,0.003702,0.003762,0.003959,0.00261,0.003794,0.004998,0.003237,0.00331,0.003621,0.003618,0.00387,0.003505,0.003283,0.003557,0.004244,0.002792,0.003416,0.00422,0.003324
0.486176,0.003854,0.004407,0.005394,0.004079,0.003582,0.004147,0.003665,0.00431,0.004262,0.004537,0.004127,0.004362,0.004446,0.004709,0.003029,0.004483,0.005967,0.003804,0.003881,0.004267,0.004264,0.004495,0.004127,0.003091,0.004195,0.005039,0.003259,0.004016,0.005096,0.003902
0.518271,0.00446,0.00512,0.00626,0.00472,0.004137,0.004802,0.004241,0.005045,0.004981,0.005268,0.004791,0.005049,0.005177,0.00593,0.003464,0.005253,0.006996,0.004396,0.004482,0.004969,0.004956,0.005228,0.00479,0.004531,0.004874,0.004413,0.004641,0.004646,0.005834,0.004465
0.556419,0.005239,0.00605,0.00739,0.005553,0.004845,0.005791,0.004998,0.006003,0.005924,0.006228,0.005662,0.00599,0.006122,0.006525,0.00402,0.006183,0.008353,0.005166,0.005508,0.005887,0.005542,0.005577,0.005658,0.004121,0.005757,0.005221,0.005493,0.005464,0.007166,0.005241
0.59737,0.006145,0.007164,0.008744,0.00655,0.005691,0.006831,0.005902,0.007143,0.007017,0.007355,0.006695,0.007124,0.007235,0.007816,0.004675,0.007356,0.009714,0.006437,0.006506,0.006957,0.006819,0.006602,0.007887,0.007251,0.006803,0.007731,0.006494,0.006448,0.00858,0.006156
0.64133,0.007222,0.008496,0.010346,0.007731,0.00669,0.008089,0.006966,0.00849,0.008314,0.008445,0.007918,0.008453,0.008562,0.009374,0.005439,0.008794,0.011514,0.007657,0.007682,0.008231,0.008035,0.007818,0.009393,0.004603,0.008052,0.009254,0.007676,0.007614,0.010279,0.007244
0.688517,0.008497,0.010096,0.012245,0.009111,0.007856,0.009565,0.008223,0.01016,0.009878,0.010058,0.009415,0.01,0.010145,0.01127,0.006323,0.010591,0.013836,0.012676,0.006224,0.009757,0.009778,0.00928,0.011209,0.00905,0.009541,0.011504,0.009057,0.008997,0.012382,0.008534
0.73394,0.013596,0.011829,0.01428,0.010568,0.01016,0.011214,0.009557,0.011983,0.011549,0.011802,0.011071,0.01176,0.011818,0.013451,0.008041,0.012438,0.016405,0.014852,0.010533,0.011385,0.011062,0.010798,0.013172,0.006068,0.011127,0.013478,0.010539,0.010001,0.014665,0.00991
0.787922,0.016105,0.014161,0.016919,0.012512,0.012218,0.013367,0.011302,0.014318,0.013791,0.014044,0.013252,0.013953,0.013965,0.016257,0.009404,0.014821,0.019686,0.017793,0.012419,0.013565,0.013097,0.01281,0.013358,0.012862,0.013214,0.011512,0.012502,0.012393,0.017692,0.011753
0.845861,0.01913,0.017016,0.019937,0.014799,0.014643,0.015856,0.013353,0.01712,0.016393,0.016705,0.015885,0.016558,0.016559,0.019575,0.011024,0.017737,0.023605,0.0213,0.014636,0.016191,0.015494,0.017165,0.018715,0.015484,0.015712,0.019179,0.014823,0.014009,0.021364,0.013827
0.908045,0.022852,0.020334,0.022456,0.017484,0.017913,0.018833,0.015835,0.020619,0.019515,0.019886,0.019039,0.019648,0.019712,0.0238,0.012924,0.021274,0.028039,0.025488,0.017268,0.019349,0.01913,0.020611,0.022318,0.015474,0.018696,0.022997,0.01756,0.016587,0.02288,0.016392
0.967892,0.026854,0.024072,0.026324,0.020298,0.021027,0.021985,0.018339,0.024356,0.022889,0.02328,0.02259,0.022959,0.023129,0.027928,0.014901,0.025141,0.032824,0.029994,0.020071,0.022891,0.022045,0.024199,0.026174,0.024153,0.021885,0.027708,0.020452,0.020193,0.030248,0.019107
1.039004,0.031963,0.028972,0.031445,0.023946,0.025477,0.026303,0.0217,0.029175,0.027331,0.027813,0.024689,0.027388,0.027594,0.033275,0.017544,0.030345,0.03907,0.035993,0.023697,0.026906,0.026725,0.028153,0.031222,0.02922,0.026986,0.032641,0.024247,0.024013,0.036477,0.022613
1.115309,0.037993,0.034824,0.037513,0.028278,0.030638,0.034773,0.022018,0.034884,0.032624,0.033212,0.029363,0.032656,0.032994,0.039627,0.020662,0.036743,0.046359,0.043119,0.027994,0.031843,0.031671,0.034171,0.037339,0.035708,0.032616,0.039043,0.028734,0.028631,0.043837,0.026675
1.197182,0.04519,0.042074,0.044388,0.033447,0.036692,0.041638,0.02618,0.041844,0.038907,0.039521,0.034975,0.039029,0.039292,0.047499,0.024467,0.044285,0.055049,0.051675,0.032863,0.037714,0.037809,0.041046,0.044609,0.029389,0.038491,0.047073,0.041706,0.034026,0.04135,0.031637
1.285018,0.053756,0.051302,0.052608,0.03973,0.044032,0.045178,0.03876,0.050237,0.046683,0.046924,0.041798,0.046758,0.046689,0.056888,0.02905,0.053402,0.065626,0.062264,0.038633,0.044584,0.044968,0.048907,0.053872,0.034917,0.043764,0.056929,0.050916,0.040507,0.049058,0.037461
1.36952,0.063035,0.066077,0.061319,0.049036,0.052073,0.053083,0.042067,0.058956,0.058051,0.0547,0.048474,0.054804,0.054611,0.067032,0.033728,0.062677,0.076808,0.073552,0.044893,0.052097,0.052701,0.057171,0.063966,0.041355,0.051141,0.067066,0.060616,0.047684,0.057722,0.043484
1.469878,0.074642,0.078815,0.073074,0.058836,0.062625,0.063205,0.049764,0.070259,0.070219,0.065026,0.057597,0.06295,0.065093,0.083066,0.039763,0.074996,0.091635,0.0881,0.052882,0.061447,0.063066,0.068532,0.077688,0.074538,0.06082,0.080938,0.068511,0.057346,0.087605,0.051335
1.577506,0.088397,0.094341,0.087783,0.070685,0.074997,0.07554,0.062827,0.084528,0.084128,0.077482,0.0686,0.075482,0.077707,0.101031,0.046861,0.089952,0.109894,0.104758,0.062415,0.072529,0.075328,0.08178,0.095672,0.089566,0.072842,0.097077,0.085581,0.068827,0.104028,0.060437
1.692911,0.105677,0.113391,0.106663,0.085026,0.09009,0.097374,0.075311,0.101859,0.102181,0.092076,0.081935,0.093993,0.093288,0.123154,0.054982,0.107745,0.132217,0.124819,0.073808,0.085858,0.090096,0.097438,0.11421,0.10778,0.086895,0.10421,0.113047,0.082356,0.123825,0.071253
1.81663,0.127054,0.135337,0.132768,0.103058,0.109393,0.115391,0.090199,0.122925,0.119957,0.109003,0.098558,0.113045,0.111897,0.149775,0.064563,0.129724,0.158672,0.147651,0.087014,0.101259,0.110385,0.116204,0.135987,0.130581,0.10255,0.125447,0.13964,0.098547,0.141597,0.083859
1.949232,0.15055,0.161542,0.163849,0.096418,0.132076,0.136708,0.107096,0.146307,0.145303,0.128735,0.11761,0.136723,0.133501,0.17954,0.075883,0.155182,0.188856,0.17428,0.103588,0.1209,0.133254,0.137756,0.161897,0.158553,0.120868,0.150541,0.170051,0.117546,0.16889,0.098418
2.091319,0.178193,0.192181,0.19985,0.11635,0.159422,0.161664,0.127071,0.174061,0.176135,0.152026,0.141767,0.166097,0.159243,0.214162,0.089374,0.185607,0.222624,0.206258,0.123488,0.143241,0.160271,0.162603,0.197037,0.192459,0.142183,0.206146,0.178152,0.141011,0.206517,0.11544
2.243524,0.210669,0.228817,0.239475,0.13989,0.19179,0.190794,0.153167,0.208909,0.210699,0.17937,0.169451,0.199136,0.190487,0.254667,0.151989,0.224285,0.262708,0.245275,0.146005,0.168618,0.192826,0.191756,0.233444,0.232,0.167155,0.246349,0.256538,0.168645,0.243498,0.135224
2.389709,0.246365,0.266261,0.279866,0.164826,0.227241,0.222197,0.179393,0.244455,0.246604,0.20843,0.197226,0.235603,0.222558,0.298995,0.177509,0.268841,0.304997,0.285598,0.168706,0.195389,0.227514,0.222342,0.271208,0.271507,0.193385,0.26884,0.301797,0.199696,0.283472,0.155572
2.545136,0.288316,0.327344,0.32551,0.194178,0.26768,0.257867,0.208725,0.287338,0.288152,0.242928,0.230133,0.276181,0.259825,0.357274,0.207929,0.315778,0.353864,0.334214,0.194606,0.226644,0.269359,0.256443,0.315377,0.318264,0.223644,0.317278,0.353074,0.236743,0.326422,0.179361
2.691478,0.330243,0.396378,0.373016,0.222699,0.307535,0.295465,0.238406,0.326652,0.330909,0.277215,0.263239,0.317028,0.298375,0.4163,0.240177,0.378171,0.402722,0.382762,0.220538,0.259039,0.311106,0.291705,0.364831,0.374055,0.253597,0.365875,0.406534,0.279168,0.371493,0.22853
2.845921,0.377929,0.458754,0.426792,0.254728,0.352416,0.337137,0.27211,0.370609,0.377918,0.31627,0.306707,0.363352,0.348304,0.482998,0.277296,0.447246,0.45996,0.438172,0.249715,0.296262,0.361883,0.331434,0.421385,0.449764,0.287322,0.442699,0.467445,0.311272,0.421621,0.266992
2.988013,0.4243,0.515927,0.485015,0.288472,0.397378,0.377502,0.31847,0.416653,0.423599,0.354785,0.350034,0.413602,0.398393,0.561942,0.317898,0.510591,0.514736,0.498647,0.27889,0.332861,0.418006,0.370238,0.475587,0.515106,0.321019,0.4784,0.526919,0.374303,0.480886,0.303173
3.136877,0.475187,0.583914,0.542824,0.328461,0.450957,0.422898,0.359837,0.466006,0.474824,0.398425,0.399671,0.467179,0.450851,0.638683,0.374646,0.579783,0.574679,0.569818,0.312439,0.373234,0.499451,0.413204,0.533634,0.582339,0.358264,0.557524,0.593559,0.450455,0.544583,0.3425
3.292789,0.531962,0.670975,0.607859,0.524826,0.505726,0.474034,0.405622,0.514511,0.531671,0.450193,0.456235,0.526132,0.514266,0.719848,0.420442,0.663607,0.640414,0.65487,0.355371,0.418149,0.580123,0.461122,0.599803,0.658626,0.401045,0.62566,0.671424,0.520203,0.614337,0.388245
3.456027,0.595206,0.777484,0.680176,0.591907,0.565754,0.531266,0.45497,0.566969,0.594039,0.505151,0.519598,0.591456,0.582854,0.807812,0.469891,0.748579,0.710464,0.750671,0.40047,0.467908,0.662302,0.516719,0.679639,0.743812,0.448324,0.700427,0.7624,0.595236,0.699234,0.443043
3.60199,0.65418,0.869024,0.745716,0.660372,0.623128,0.583581,0.500229,0.619657,0.654764,0.554969,0.645338,0.650084,0.64271,0.886005,0.518627,0.827961,0.775666,0.832149,0.442719,0.515281,0.736431,0.567647,0.757748,0.827279,0.491776,0.774098,0.861538,0.671431,0.80283,0.492546
3.75372,0.718205,0.973113,0.818722,0.737826,0.686202,0.639578,0.550889,0.68062,0.720195,0.609294,0.716606,0.714369,0.707087,0.974647,0.570235,0.915576,0.845315,0.915715,0.490779,0.567575,0.816626,0.623217,0.853476,0.918326,0.539665,0.855173,0.961346,0.773486,0.914898,0.555739
3.911395,0.788611,1.085402,0.896239,0.839204,0.754951,0.700231,0.610836,0.743239,0.788852,0.668375,0.73513,0.785504,0.776415,1.082804,0.632597,1.010265,0.91962,1.005862,0.543278,0.630278,0.90954,0.681888,0.949259,1.016695,0.59302,0.944716,1.056059,0.864993,1.01795,0.652279
4.047463,0.852911,1.188281,0.966065,0.917302,0.820262,0.754482,0.670158,0.799218,0.850373,0.721635,0.853936,0.849196,0.840105,1.17592,0.690697,1.093037,0.985742,1.08849,0.593876,0.705407,0.999437,0.735441,1.029585,1.115945,0.638821,1.024284,1.147649,0.947642,1.109286,0.706329
4.216502,0.933631,1.32281,1.103187,1.018053,0.901979,0.826235,0.743653,0.870916,0.930704,0.79077,0.905962,0.934098,0.919097,1.291428,0.757434,1.203511,1.072184,1.206139,0.662679,0.844808,1.129503,0.802857,1.145136,1.237421,0.69766,1.127009,1.262845,1.066518,1.222334,0.790496
4.362285,1.003471,1.440113,1.144408,1.112675,0.974548,0.889783,0.871728,0.93852,1.001195,0.851652,0.988884,1.016377,0.989655,1.40291,0.817264,1.300431,1.148417,1.3208,0.738606,0.958592,1.249931,0.862749,1.267987,1.343563,0.752324,1.220135,1.362251,1.191054,1.327052,0.868932
4.512646,1.077142,1.564423,1.262349,1.2207,1.0512,0.957015,0.964048,1.014518,1.075395,0.919205,1.094851,1.11508,1.066158,1.53016,0.880932,1.411024,1.229789,1.460665,0.836671,1.069065,1.368401,0.926651,1.378601,1.46644,0.813749,1.3225,1.467989,1.295895,1.428728,0.951898
4.667682,1.158263,1.689885,1.371684,1.309683,1.134735,1.030115,0.949424,1.101949,1.155607,0.993765,1.198597,1.213918,1.15258,1.65178,0.952124,1.526903,1.315577,1.639286,0.93077,1.197678,1.490293,0.994898,1.488436,1.585756,0.883778,1.444763,1.582986,1.405541,1.532509,1.058781
4.82749,1.247238,1.817699,1.472706,1.399722,1.220637,1.117077,1.025348,1.22738,1.241383,1.083153,1.294598,1.310881,1.24566,1.777953,1.037783,1.656719,1.403971,1.832509,1.019736,1.327964,1.616135,1.070364,1.604293,1.712712,0.963409,1.569229,1.702633,1.534003,1.637355,1.20659
4.992162,1.340753,1.951653,1.576854,1.505891,1.311033,1.228883,1.157415,1.353306,1.329979,1.17243,1.397834,1.412787,1.342853,1.912676,1.117093,1.784987,1.496632,1.991637,1.112686,1.47327,1.752868,1.15505,1.721578,1.856663,1.057172,1.691651,1.834178,1.714059,1.759785,1.337044
5.127464,1.422565,2.065764,1.664974,1.599656,1.388422,1.31411,1.191323,1.447877,1.406032,1.25682,1.488427,1.496493,1.423892,2.023955,1.181229,1.889028,1.575374,2.105933,1.188789,1.600659,1.881833,1.221649,1.819419,1.986201,1.149148,1.793937,1.946719,1.826677,1.860809,1.439492
5.301119,1.534128,2.215601,1.78025,1.724588,1.488841,1.413191,1.298393,1.573336,1.508228,1.364648,1.610572,1.605972,1.607458,2.164954,1.266229,2.025447,1.676665,2.270217,1.311354,1.761948,2.073853,1.307824,1.948143,2.149457,1.265798,1.928857,2.091367,1.969689,1.992186,1.583182
5.443716,1.633399,2.3432,1.876112,1.843608,1.573002,1.495574,1.384284,1.673801,1.596313,1.450742,1.712013,1.697932,1.652906,2.284016,1.341516,2.145015,1.760265,2.416206,1.402557,1.884844,2.293386,1.379979,2.060046,2.283182,1.358962,2.04381,2.210485,2.092201,2.105597,1.703252
5.589624,1.73723,2.478677,1.977067,1.96984,1.661491,1.580161,1.472254,1.772612,1.686519,1.53844,1.812524,1.797352,1.78654,2.411723,1.416192,2.270408,1.847514,2.571028,1.495143,2.008941,2.502953,1.454929,2.176947,2.417103,1.456442,2.163266,2.336558,2.225207,2.224355,1.816205
5.73888,1.852443,2.627059,2.082554,2.129709,1.757255,1.667318,1.574291,1.881947,1.780076,1.630482,1.912805,1.897915,1.912785,2.542281,1.49338,2.399296,1.93718,2.727272,1.593685,2.135071,2.683823,1.533801,2.296573,2.552328,1.567114,2.290946,2.471442,2.360825,2.345752,1.926481
5.930215,2.03534,2.833887,2.221089,2.414275,1.894717,1.785391,1.704339,2.021007,1.905177,1.747101,2.040957,2.039012,2.069965,2.713052,1.600967,2.567528,2.052742,2.939145,1.721419,2.294802,2.898094,1.644905,2.450545,2.727629,1.745122,2.473265,2.650376,2.545583,2.506103,2.0639
6.087135,2.257933,3.011093,2.335929,2.604136,2.002228,1.883545,1.845617,2.13383,2.009646,1.84319,2.145956,2.154476,2.230443,2.858023,1.704338,2.707434,2.148876,3.113667,1.829615,2.426729,3.069849,1.733171,2.578547,2.872804,1.864064,2.619624,2.804448,2.691948,2.639992,2.178026
6.207093,2.390301,3.151094,2.425586,2.757689,2.083754,1.957618,1.974686,2.220187,2.094795,1.916229,2.229873,2.238907,2.340073,2.969985,1.781565,2.821464,2.223928,3.241592,1.915635,2.528893,3.203359,1.80002,2.678465,2.98471,1.951182,2.726596,2.929372,2.80616,2.742531,2.264984
6.370084,2.558031,3.355258,2.549865,2.964067,2.196502,2.058179,2.122706,2.342947,2.205928,2.016265,2.348054,2.353651,2.484947,3.123724,1.881071,2.977563,2.32259,3.413253,2.037967,2.667045,3.384731,1.891911,2.814691,3.143648,2.068464,2.873401,3.103523,2.989524,2.885397,2.384685
6.53658,2.720151,3.706378,2.677772,3.150386,2.312684,2.165016,2.273707,2.464373,2.319206,2.119192,2.470502,2.481279,2.63396,3.298852,1.991991,3.134752,2.424738,3.599919,2.18057,2.812078,3.576605,1.986627,2.954463,3.311441,2.18529,3.030523,3.277255,3.161404,3.03787,2.512076
6.706604,2.884782,3.978961,2.810852,3.331422,2.430216,2.274096,2.48066,2.589652,2.435913,2.226843,2.598983,2.625133,2.772851,3.51013,2.14509,3.299793,2.532645,3.782318,2.337669,2.958997,3.763091,2.082855,3.102146,3.489469,2.300547,3.194315,3.503867,3.327645,3.218701,2.647024
6.836449,3.01585,4.155056,2.912892,3.467157,2.52235,2.356437,2.615349,2.688411,2.525231,2.312923,2.697573,2.726671,2.878468,3.648105,2.317985,3.428793,2.616452,3.924194,2.439777,3.074224,3.899883,2.157008,3.214252,3.631545,2.388708,3.321362,3.652669,3.438496,3.36724,2.757325
7.012693,3.206313,4.391396,3.05525,3.649256,2.648121,2.471198,2.790632,2.825615,2.6495,2.431603,2.844366,2.862304,3.03328,3.826472,2.49323,3.619213,2.731112,4.1173,2.581922,3.2364,4.091641,2.259225,3.367073,3.824108,2.508949,3.489861,3.843413,3.616901,3.543674,2.899636
7.147221,3.349159,4.561932,3.164779,3.790807,2.747872,2.559965,2.918151,2.937945,2.745115,2.527541,2.960784,2.967749,3.151886,3.964609,2.602675,3.769728,2.821163,4.252732,2.694334,3.359076,4.239696,2.336334,3.48419,3.966854,2.601097,3.61938,3.986876,3.758812,3.706906,2.978397
7.329727,3.530898,4.789131,3.31839,3.988493,2.885675,2.681503,3.077761,3.106473,2.878177,2.652197,3.109822,3.112232,3.317871,4.162769,2.766539,4.011038,2.945903,4.464474,2.855541,3.527439,4.446741,2.441881,3.644043,4.164117,2.725199,3.800922,4.187377,3.935521,3.90209,3.158597
7.468963,3.674503,4.958902,3.435808,4.144779,2.993153,2.77514,3.194002,3.254195,2.97746,2.744627,3.225183,3.219766,3.454265,4.312676,2.876533,4.173337,3.042596,4.640465,2.980739,3.658545,4.603888,2.523103,3.767325,4.31798,2.82074,3.941366,4.346594,4.073298,4.052729,3.271342
7.657754,3.877861,5.193728,3.595321,4.369557,3.131922,2.903222,3.35098,3.500189,3.111646,2.87063,3.39587,3.366977,3.639064,4.513608,3.024289,4.3831,3.171602,4.953961,3.174598,3.838733,4.816959,2.633636,3.936404,4.529124,2.951522,4.140351,4.58661,4.264839,4.285591,3.427041
7.801707,4.045214,5.374222,3.717099,4.536582,3.238908,3.001363,3.469295,3.66417,3.213627,2.97288,3.585294,3.478174,3.777933,4.662956,3.138954,4.535881,3.27063,5.341609,3.378588,3.976278,4.98002,2.718313,4.065018,4.748623,3.0533,4.293234,4.750265,4.411741,4.536096,3.54352
7.94768,4.256842,5.558905,3.844927,4.705826,3.347747,3.104453,3.585956,3.8245,3.31659,3.080452,3.797751,3.591848,3.91694,4.815069,3.252734,4.68854,3.373073,5.703689,3.531258,4.118624,5.144896,2.804875,4.197254,4.945644,3.155473,4.455744,4.911763,4.560414,4.74546,3.66286
8.095671,4.522911,5.743921,3.970843,4.88655,3.459049,3.208426,3.702807,3.981108,3.420195,3.201165,3.948729,3.707806,4.063962,4.970449,3.363818,4.839486,3.474094,6.032605,3.666077,4.266308,5.316295,2.892144,4.330215,5.122894,3.258002,4.645114,5.073083,4.714137,4.966531,3.782057
8.296127,4.82676,6.003135,4.140383,5.119776,3.607562,3.342512,3.85753,4.18596,3.560254,3.382975,4.141063,3.865092,4.252961,5.175977,3.513831,5.042601,3.611433,6.430701,3.8491,4.478623,5.573479,3.010381,4.508851,5.373879,3.404811,4.894513,5.295982,4.929616,5.269019,3.945414
8.448812,5.017642,6.212733,4.267838,5.297472,3.719659,3.444957,3.973541,4.338229,3.667454,3.505949,4.288924,3.988766,4.396138,5.331983,3.630006,5.199125,3.714484,6.713391,3.981158,4.668467,5.755129,3.100802,4.645702,5.583905,3.513762,5.066506,5.463622,5.097845,5.508815,4.069486
8.603499,5.201483,6.414152,4.396519,5.469018,3.835181,3.549152,4.087563,4.51292,3.775603,3.622713,4.44299,4.111954,4.538023,5.495153,3.753219,5.354644,3.818177,7.001014,4.112776,4.870556,5.932133,3.192026,4.784155,5.827572,3.628699,5.233532,5.633291,5.264588,5.864186,4.195805
8.760179,5.38806,6.615076,4.527415,5.6407,3.951549,3.654918,4.216407,4.72881,3.885042,3.738444,4.613706,4.237043,4.678603,5.67901,3.87371,5.512187,3.92314,7.278693,4.24003,5.063763,6.110457,3.28459,4.923532,6.120293,3.739784,5.400205,5.81425,5.431492,6.116742,4.323574
8.918845,5.578113,6.815912,4.658735,5.811716,4.069832,3.763869,4.353803,4.915526,3.997317,3.85354,4.801787,4.367468,4.823758,5.846696,3.993252,5.681916,4.030013,7.575035,4.370368,5.294343,6.289471,3.377756,5.064149,6.420492,3.849602,5.567391,5.996541,5.597632,6.342035,4.464364
9.079485,5.801181,7.024262,4.793581,5.987004,4.191695,3.872729,4.491908,5.094438,4.111489,3.969486,5.033289,4.499723,4.983522,6.009065,4.112376,5.858109,4.137293,7.897716,4.503635,5.504672,6.469011,3.470963,5.207995,6.75978,3.96126,5.73402,6.188758,5.772217,6.548796,4.605406
9.242088,6.145485,7.231799,4.928434,6.170996,4.315553,3.980175,4.629817,5.287068,4.229426,4.08673,5.290551,4.631059,5.132901,6.170898,4.232106,6.019464,4.246403,8.211817,4.640028,5.711137,6.652169,3.566118,5.357286,7.036384,4.077403,5.907972,6.386123,5.949424,6.73754,4.757433
9.406642,6.387004,7.438108,5.063697,6.355686,4.442906,4.088212,4.774932,5.51584,4.351614,4.203711,5.633296,4.764499,5.279898,6.322573,4.357227,6.186398,4.35672,8.493253,4.775839,5.905963,6.849355,3.663277,5.50558,7.29615,4.201422,6.078722,6.581899,6.138227,6.944506,4.895371
9.573131,6.59868,7.644344,5.199232,6.54319,4.570914,4.198153,4.918875,5.705008,4.468422,4.321188,5.8069,4.896994,5.427488,6.475627,4.485504,6.349516,4.474141,8.781757,4.911848,6.08395,7.049693,3.759704,5.654067,7.572475,4.316069,6.248342,6.775958,6.333589,7.172406,5.032899
9.741542,6.801506,7.849673,5.335815,6.738871,4.704397,4.309919,5.057161,5.890712,4.58314,4.440823,5.980724,5.032156,5.578297,6.643285,4.611789,6.51451,4.589747,9.053499,5.049209,6.263003,7.24499,3.856796,5.803455,7.865636,4.430106,6.419418,6.973044,6.537445,7.369371,5.171504
9.854875,6.939579,7.986559,5.42783,6.892526,4.79888,4.383716,5.146394,6.011617,4.659895,4.519492,6.117616,5.121286,5.677343,6.761568,4.696604,6.628117,4.666036,9.233516,5.142048,6.385501,7.377744,3.922403,5.902485,8.034217,4.506658,6.534093,7.105194,6.681119,7.502441,5.262678
10.02645,7.155227,8.193273,5.56566,7.105679,4.946178,4.494724,5.286212,6.175384,4.774063,4.638401,6.311438,5.255387,5.825441,6.929511,4.821078,6.802324,4.780923,9.501825,5.286885,6.575247,7.581574,4.022304,6.052779,8.281463,4.62163,6.708985,7.302088,6.921241,7.706527,5.398238
10.199899,7.371308,8.403664,5.705873,7.300263,5.081893,4.606548,5.424991,6.362697,4.887812,4.759911,6.486958,5.391626,5.976615,7.100952,4.944848,6.978438,4.898944,9.772581,5.429847,6.762886,7.795172,4.120324,6.203767,8.515936,4.735645,6.889281,7.496966,7.130756,7.934669,5.535332
10.375205,7.590416,8.615862,5.849261,7.492345,5.21334,4.722065,5.562213,6.57886,5.001683,4.882622,6.662646,5.525448,6.131581,7.274406,5.068858,7.151945,5.012413,10.03295,5.570478,6.945294,8.021065,4.217906,6.355076,8.742496,4.854475,7.079678,7.689554,7.333927,8.149821,5.670311
10.552345,7.848769,8.842517,5.991744,7.6816,5.345154,4.833607,5.697667,6.78919,5.116542,5.004274,6.837623,5.658451,6.288198,7.448813,5.192875,7.321714,5.126157,10.295108,5.712105,7.137851,8.237647,4.315587,6.506551,8.971224,4.974073,7.282899,7.881056,7.532059,8.358289,5.804361
10.671447,8.104717,9.016661,6.087503,7.805439,5.43314,4.907573,5.788734,6.925929,5.194767,5.084694,6.958748,5.747793,6.399046,7.564688,5.27515,7.430676,5.203371,10.471536,5.805751,7.266543,8.378959,4.380597,6.60866,9.126047,5.058291,7.414525,8.01079,7.661641,8.493773,5.896012
10.851597,8.539981,9.259815,6.232357,7.990637,5.563422,5.017268,5.928513,7.11384,5.309874,5.204113,7.153876,5.880999,6.556542,7.743534,5.40002,7.59067,5.32033,10.738659,5.947492,7.453942,8.588606,4.478285,6.761548,9.360046,5.176596,7.61036,8.205953,7.855454,8.694449,6.032294
11.033523,8.813243,9.486146,6.384532,8.171371,5.693399,5.127586,6.068672,7.290122,5.423659,5.325224,7.374233,6.014533,6.712979,7.917343,5.523108,7.741534,5.436637,11.007768,6.091399,7.637531,8.791844,4.576615,6.917903,9.592375,5.293254,7.808845,8.398978,8.05178,8.900038,6.173782
11.155782,8.974266,9.635704,6.484487,8.289615,5.77974,5.20114,6.160901,7.409466,5.49991,5.407429,7.527063,6.103389,6.818115,8.031329,5.604504,7.828572,5.513287,11.206264,6.191502,7.761077,8.922621,4.641587,7.023366,9.750957,5.370139,7.949652,8.5267,8.183307,9.048248,6.267296
11.340614,9.348913,9.845289,6.630435,8.486309,5.909094,5.312954,6.300756,7.587175,5.610613,5.533596,7.719764,6.238513,6.982054,8.206533,5.72794,7.948383,5.630117,11.499593,6.340966,7.946159,9.11738,4.738567,7.179504,9.992652,5.486227,8.184149,8.71965,8.386332,9.254653,6.407507
11.527156,9.553775,10.05191,6.77314,8.731093,6.039419,5.423663,6.436812,7.777116,5.720527,5.655664,7.908248,6.378674,7.143422,8.388056,5.851764,8.09096,5.747718,11.769638,6.483263,8.130901,9.311344,4.83276,7.336276,10.258574,5.60434,8.419719,8.910645,8.600185,9.451091,6.54758
11.652454,9.689462,10.191283,6.867695,8.882389,6.127806,5.496246,6.525791,7.901554,5.794664,5.735426,8.028306,6.469957,7.254765,8.50829,5.936328,8.190181,5.824262,11.945432,6.577624,8.249173,9.439762,4.894321,7.443863,10.451428,5.682987,8.57099,9.036706,8.760419,9.581717,6.639942
11.841788,9.890827,10.399065,7.006151,9.09897,6.256555,5.604126,6.668334,8.085382,5.904212,5.855282,8.130514,6.602686,7.418149,8.686153,6.073047,8.345669,5.941232,12.205855,6.721326,8.425671,9.630435,4.985808,7.636272,10.727957,5.796526,8.787332,9.227574,9.014468,9.775142,6.778002
11.968923,10.024378,10.537785,7.098235,9.281507,6.340668,5.676227,6.772873,8.196601,5.976563,5.935514,8.265764,6.69021,7.524534,8.801593,6.172178,8.449574,6.019017,12.376428,6.815398,8.543737,9.758455,5.045692,7.761549,10.907906,5.867621,8.93503,9.355608,9.234911,9.91322,6.871367
12.160973,10.22687,10.743703,7.237725,9.673438,6.467353,5.78369,6.991176,8.350961,6.085133,6.05553,8.45485,6.820874,7.689826,8.97414,6.310686,8.604116,6.136976,12.629965,6.957865,8.715692,9.942502,5.133738,7.92713,11.255519,5.980421,9.168037,9.558299,9.556853,10.115113,7.005333
12.354616,10.534189,10.947468,7.375701,9.947746,6.59621,5.890136,7.152942,8.502436,6.194281,6.17573,8.640145,6.950683,7.857228,9.146779,6.448839,8.7574,6.255628,12.883065,7.101721,8.888559,10.12415,5.222493,8.085085,11.539364,6.107553,9.406106,9.752852,9.810913,10.309279,7.138953
12.484582,10.772084,11.08137,7.470884,10.10638,6.680294,5.962128,7.251947,8.586198,6.26606,6.257616,8.763623,7.036976,7.969396,9.260485,6.538445,8.85855,6.343662,13.059434,7.197296,9.004861,10.244729,5.2825,8.188959,11.706727,6.199816,9.564561,9.881977,9.980391,10.442756,7.22593
12.680815,11.058644,11.284662,7.613388,10.328057,6.804724,6.067417,7.401656,8.683666,6.372312,6.382532,8.940248,7.173344,8.140651,9.431066,6.664296,9.011688,6.468111,13.309131,7.342788,9.177581,10.420657,5.371813,8.352311,11.945628,6.351604,9.804193,10.074835,10.223133,10.646135,7.352536
12.81248,11.309352,11.420945,7.710143,10.470141,6.886619,6.137348,7.504807,8.75548,6.444168,6.470017,9.054736,7.275842,8.281389,9.542114,6.745444,9.117802,6.549884,13.494415,7.43865,9.292398,10.537952,5.429315,8.459203,12.106068,6.457547,9.967348,10.200728,10.383062,10.779399,7.43628
13.011221,11.592545,11.619626,7.853139,10.695527,7.012044,6.240221,7.679291,8.895527,6.550693,6.591559,9.223616,7.412294,8.482566,9.708196,6.866287,9.276821,6.676199,13.745549,7.585731,9.46428,10.711474,5.514278,8.611602,12.377551,6.625699,10.218487,10.384115,10.628165,10.979969,7.562511
13.14453,11.751138,11.750866,7.948963,10.851298,7.095906,6.307619,7.775496,9.002446,6.619885,6.669131,9.342547,7.498449,8.619561,9.817441,6.944579,9.379876,6.76791,13.91144,7.687781,9.582783,10.82575,5.570803,8.713268,12.539229,6.726075,10.420173,10.505887,10.824532,11.10866,7.645033
13.345696,11.979892,11.942715,8.098886,11.11118,7.22608,6.408019,7.917303,9.161528,6.722746,6.786575,9.513386,7.624758,8.809405,9.981443,7.061178,9.52928,6.906952,14.173068,7.855861,9.750847,11.003154,5.651803,8.874205,12.769922,6.861058,10.670608,10.690164,11.215936,11.302344,7.770321
13.480594,11.622032,12.072798,8.201558,11.254249,7.317519,6.473765,8.01768,9.281566,6.792189,6.868917,9.625138,7.706584,8.921473,10.089463,7.139002,9.625241,7.000993,14.332227,7.975436,9.862501,11.120407,5.704222,8.972215,12.920859,6.949312,10.856914,10.812214,11.416801,11.431492,7.852565
13.6841,11.868989,12.263708,8.369643,11.465668,7.469454,6.571746,8.163926,9.481296,6.896103,6.990128,9.806229,7.829763,9.087983,10.247319,7.257914,9.76616,7.149979,14.570075,8.190125,10.0251,11.293103,5.782354,9.116031,13.163799,7.087355,11.129357,10.99999,11.654596,11.62699,7.979721
13.82053,12.008383,12.38937,8.523007,11.603826,7.581145,6.635907,8.254119,9.600904,6.963032,7.074233,9.92594,7.911174,9.193971,10.352119,7.337592,9.862871,7.262083,14.72541,8.354161,10.132016,11.409754,5.834153,9.212044,13.325447,7.179879,11.29793,11.126658,11.799974,11.762074,8.070236
