Time_Gyr,AccretionRate_Au1_Msun/yr,AccretionRate_Au2_Msun/yr,AccretionRate_Au3_Msun/yr,AccretionRate_Au4_Msun/yr,AccretionRate_Au5_Msun/yr,AccretionRate_Au6_Msun/yr,AccretionRate_Au7_Msun/yr,AccretionRate_Au8_Msun/yr,AccretionRate_Au9_Msun/yr,AccretionRate_Au10_Msun/yr,AccretionRate_Au11_Msun/yr,AccretionRate_Au12_Msun/yr,AccretionRate_Au13_Msun/yr,AccretionRate_Au14_Msun/yr,AccretionRate_Au15_Msun/yr,AccretionRate_Au16_Msun/yr,AccretionRate_Au17_Msun/yr,AccretionRate_Au18_Msun/yr,AccretionRate_Au19_Msun/yr,AccretionRate_Au20_Msun/yr,AccretionRate_Au21_Msun/yr,AccretionRate_Au22_Msun/yr,AccretionRate_Au23_Msun/yr,AccretionRate_Au24_Msun/yr,AccretionRate_Au25_Msun/yr,AccretionRate_Au26_Msun/yr,AccretionRate_Au27_Msun/yr,AccretionRate_Au28_Msun/yr,AccretionRate_Au29_Msun/yr,AccretionRate_Au30_Msun/yr
,,,,,,,,,,,,,,,,,,,,,,,,,,,,,,
,,,,,,,,,,,,,,,,,,,,,,,,,,,,,,
,,,,,,,,,,,,,,,,,,,,,,,,,,,,,,
,,,,,,,,,,,,,,,,,,,,,,,,,,,,,,
,,,,,,,,,,,,,,,,,,,,,,,,,,,,,,
,,,,,,,,,,,,,,,,,,,,,,,,,,,,,,
,,,,,,,,,,,,,,,,,,,,,,,,,,,,,,
,,,,,,,,,,,,,,,,,,,,,,,,,,,,,,
,,,,,,,,,,,,,,,,,,,,,,,,,,,,,,
,,,,,,,,,,,,,,,,,,,,,,,,,,,,,,
,,,,,,,,,,,,,,,,,,,,,,,,,,,,,,
,,,,,,,,,,,,,,,,,,,,,,,,,,,,,,
,,,,,,,,,,,,,,,,,,,,,,,,,,,,,,
,,,,,,,,,,,,,,,,,,,,,,,,,,,,,,
,,,,,,,,,,,,,,,,,,,,,,,,,,,,,,
,,,,,,,,,,,,,,,,,,,,,,,,,,,,,,
0.159328,0.0,0.0,0.0,0.0,0.0,0.0,0.0,0.0,0.0,0.0,0.0,0.0,0.0,0.0,0.0,0.0,0.0,0.0,0.0,0.0,0.0,0.0,0.0,0.0,0.0,0.0,0.0,0.0,0.0,0.0
0.171063,0.0,0.0,0.0,0.0,0.0,0.0,0.0,0.0,0.0,0.0,0.0,0.0,0.0,0.0,0.0,0.0,0.0,0.0,0.0,0.0,0.0,0.0,0.0,0.0,0.0,0.0,0.0,0.0,0.0,0.0
0.183663,0.0,0.006957,0.0,0.0,0.0,0.0,0.0,0.0,0.0,0.0,0.0,0.0,0.0,0.0,0.0,0.0,0.0,0.0,0.0,0.0,0.0,0.0,0.0,0.0,0.0,0.0,0.0,0.0,0.0,0.0
0.19719,0.0,-0.00648,0.007366,-0.001374,0.0,0.0,0.0,0.0,0.0,0.0,0.0,0.0,0.0,0.0,0.0,0.0,0.0,0.0,0.0,0.0,0.0,0.0,0.0,0.0,0.013539,0.0,0.0,0.0,0.0,-0.00607
0.210215,0.005819,0.0,0.000105,-0.017142,-0.004005,0.0,0.004762,0.0,0.0,0.0,0.0,0.0,0.0,0.0,0.0,0.0,0.0,0.0,0.004792,0.0,0.0,0.0,0.0,0.0,0.003791,0.0,0.0,0.0,0.0,0.0
0.225698,-0.004895,0.0,-0.006524,0.00964,0.0,0.0,-0.004006,0.0,0.0,0.0,0.005068,0.004724,0.002999,0.004331,0.0,0.0,0.004086,0.0,0.000702,0.0,0.0,0.0,0.0,0.0,0.014841,0.0,0.0,0.0,0.00529,0.00369
0.24232,0.004337,0.008151,0.0,0.031037,0.0,0.0,0.0,0.004049,0.0,0.0,0.012779,0.001471,0.00139,0.007566,0.004094,0.0,0.000336,0.0,-0.007364,0.0,0.0,0.0,0.0,0.004579,0.00945,0.0,0.0,0.0,0.015823,-0.00881
0.260167,0.007594,-0.001911,-0.005058,0.014341,0.00558,0.004695,0.004098,0.007241,0.0,0.0,-0.016601,-0.005469,-0.000227,0.025124,-0.007535,0.003899,0.024577,-0.008472,-0.004296,0.0,0.003489,0.0,0.0,-0.001304,-0.000302,-0.00448,0.0,0.0,0.030371,0.000315
0.27735,0.004553,0.013036,0.0,-0.014055,0.018598,0.001607,0.004762,-0.011437,0.003686,0.0,0.028739,0.0,0.004651,0.089893,0.0,-0.00405,0.03381,-0.003653,0.0,0.0,-0.006729,0.004409,0.0,0.000733,0.100006,0.002734,0.0,-0.004993,0.047877,0.010516
0.297776,0.016505,0.037914,0.007914,-0.002354,-0.040887,-0.001062,-0.00385,0.006689,-0.002534,0.0,0.031543,3.2e-05,0.027092,-0.037748,0.00888,-0.003932,0.026894,0.017589,0.015852,0.0,0.003749,-0.003709,0.0,4.9e-05,0.108649,0.004454,0.0,0.0,0.071109,0.016077
0.319705,0.01339,0.0103,0.008222,0.035858,0.037167,0.036316,-0.00215,0.000771,-0.000194,0.003465,0.008636,0.003456,0.005143,-0.013818,0.002632,0.008249,0.000784,0.004487,-0.010869,0.003951,0.000207,0.003573,0.003635,0.000115,0.165542,0.001334,0.0,0.0,0.141316,0.004001
0.343248,0.010058,0.112258,0.001196,0.089113,0.070761,0.083579,0.002237,0.011901,-0.004256,0.001061,0.02792,0.011371,0.047304,0.05521,0.001774,-0.008866,-0.00154,0.044495,0.033952,-0.006315,0.004256,2.8e-05,0.007751,0.008199,0.1849,-0.004886,-0.003101,0.008291,0.069365,0.012852
0.368524,0.054019,0.089252,0.016777,0.024376,0.01665,0.123463,0.022117,-0.000713,0.05113,-0.002022,0.024343,-0.012712,-0.094206,0.018758,-0.002035,0.00862,0.056371,0.095122,0.015167,0.002667,0.0052,-0.000396,0.016042,-0.006569,0.472145,0.025332,0.003133,-0.002114,-0.325102,0.045971
0.392858,0.039237,0.291921,-0.018084,0.203687,0.119183,-0.042543,0.00903,0.03037,0.023853,0.00106,0.053989,0.027417,0.195457,0.087582,0.01433,-0.000921,0.047713,-0.032693,-0.045451,0.005597,0.020834,-0.002836,0.024858,0.013093,-0.003325,0.010834,0.013532,0.004719,0.048785,0.11459
0.421785,0.074415,0.534075,0.081106,0.104045,0.110913,-0.063969,0.030706,0.062014,0.0904,0.013576,0.084399,-0.015499,-0.071567,0.182993,0.019835,0.012092,0.118551,0.09859,0.018666,0.005495,0.007107,0.004955,-0.038486,-0.012628,0.215207,0.000632,0.018675,0.038829,0.080756,-0.044238
0.452838,0.064489,-0.041916,-0.070509,0.090235,0.203489,-0.084662,0.064515,-0.007791,0.228873,0.041047,0.047344,0.038711,0.06832,0.168118,0.060177,0.106709,0.031039,0.015869,-0.024613,0.011184,0.066623,0.004107,0.189662,0.009207,0.414846,0.008373,0.078293,0.053658,0.005221,0.163786
0.486176,-0.000655,0.381801,0.090588,0.003916,0.001873,-0.058586,-0.038164,0.034078,0.107138,0.007465,0.074203,0.040574,0.070196,-0.077457,0.01205,-0.019053,0.010551,0.105378,0.10809,-0.014001,0.006446,0.00028,0.134773,0.071254,0.329752,0.011102,0.037414,0.180927,0.573639,0.106142
0.518271,0.397182,0.334439,0.271993,0.067773,0.164037,0.059387,0.038727,-0.012123,0.100126,0.051175,0.203603,0.112479,-0.100842,-0.236193,0.160489,0.185026,0.02362,-0.163123,0.100703,0.026454,0.403821,0.009878,-0.118112,-0.062795,0.328124,0.052464,-0.112604,0.037411,-0.401745,0.425787
0.556419,0.086747,0.554215,2.032067,0.158094,0.005582,0.191468,0.15519,0.42447,0.230828,0.094779,0.068469,0.258073,0.163709,0.776188,0.307146,0.078785,0.165522,0.142592,-0.175649,-0.007108,-0.474957,0.030037,0.336942,0.143664,0.446955,0.271082,0.062388,0.052575,0.887146,0.100565
0.59737,0.085053,0.352897,0.217159,0.272866,0.160132,-0.03257,0.020982,0.449655,-0.196519,0.130015,0.584292,0.284393,0.307697,0.201671,-0.012506,0.121916,-0.374253,0.204124,0.231203,0.186184,0.195136,0.021625,0.230911,0.109396,1.110696,-0.292234,0.232055,-0.04534,0.489949,0.727511
0.64133,0.174136,1.038859,-0.031742,1.029041,0.576608,0.403056,0.079697,1.064115,0.821193,0.028556,0.499875,-0.007473,0.203826,0.288342,0.148723,0.652145,0.132166,0.451338,0.209368,-0.035348,0.191943,0.150686,0.06749,-0.086389,0.761507,0.046461,0.166362,0.26987,3.589234,0.186131
0.688517,0.707654,1.505868,-0.613623,0.482322,0.216815,1.924968,0.105632,0.204734,-0.0793,0.046416,0.198506,-0.092424,1.752463,1.40031,-0.208765,-0.019686,-0.020458,-0.816018,-0.27821,0.096371,0.87583,-0.017081,0.323274,0.137175,-0.279607,0.111795,0.270202,0.315634,-1.250304,0.185534
0.73394,-1.376935,2.221724,1.734601,-0.174701,-0.586058,1.315148,0.566685,0.581058,3.547216,0.609407,0.140179,0.710328,0.038735,-0.290751,-0.217345,5.62204,0.508914,0.365201,0.299036,0.216789,0.589142,0.045845,1.300602,0.371269,0.023096,0.081143,2.491748,-0.258728,1.260932,0.394067
0.787922,1.318038,0.479439,1.820427,0.10567,0.329334,-0.538067,-0.028298,1.686262,-0.512861,0.249842,-0.064762,-0.121715,1.701214,0.872057,0.59366,-1.233696,-0.411231,0.549078,0.103564,0.162127,-0.061614,0.008887,-0.035367,-0.021473,1.021219,0.397347,1.418699,0.913012,0.211401,1.195137
0.845861,3.82065,2.485624,4.585935,1.285796,-0.196764,-0.041825,-0.112978,0.322825,-0.000194,1.003187,0.465385,1.214402,4.344039,1.284007,0.381066,0.240863,2.325308,-0.046398,0.363474,1.027998,0.911261,0.102955,0.809682,0.128936,0.542396,0.355213,0.229251,0.386127,0.001175,3.198853
0.908045,-1.987119,0.358176,-2.365108,0.445247,0.060788,1.281567,0.776453,-0.16811,1.963459,0.591829,0.352291,2.516665,-0.173605,0.077072,-0.283312,0.657544,-1.335839,0.146036,0.541271,0.188138,-0.687126,-0.079937,-0.1555,-0.304448,-0.047764,-0.05223,-1.331914,-0.181754,-2.365052,0.889461
0.967892,1.185557,-0.188794,5.290587,-0.219047,0.460783,-0.269703,-0.048253,-1.128581,-2.427004,-1.255895,0.387376,-1.727841,1.229306,2.380096,1.942497,-0.181454,3.655456,2.675806,0.734278,-0.963765,3.366731,0.010634,-0.497981,0.292204,0.310678,-0.193023,-0.204341,1.254502,5.825046,-0.844773
1.039004,0.663771,2.504419,-0.924158,0.433996,0.243022,0.248365,1.000664,1.182354,1.673601,0.642219,-1.314087,1.726569,1.725128,2.535864,0.215046,0.706173,5.803893,-0.369465,-0.287227,0.191937,-0.254765,0.227011,0.996507,-0.272209,-0.260593,1.821907,0.354171,2.656537,2.489433,0.315885
1.115309,-1.077034,0.338083,27.722972,1.074336,0.571835,0.490893,-1.100399,0.68055,2.648635,0.290973,0.877228,-0.880222,-0.456525,2.734273,1.4302,0.315713,7.020869,2.74685,0.144968,0.446829,7.635034,-0.235224,0.351351,0.216436,0.626213,-0.19334,-0.088435,3.277197,-0.340493,0.859359
1.197182,2.947401,0.818194,22.29626,0.4453,-0.334754,0.611151,-0.321077,0.85089,3.483513,3.603939,2.532958,-0.031805,7.728477,3.679929,0.748493,5.308777,10.115479,-0.528841,-0.71322,1.741181,3.757169,0.847922,0.921444,3.578044,2.516373,5.281311,-0.4215,0.860458,-3.789218,1.012801
1.285018,-0.044785,1.045444,4.137394,0.05676,0.305651,1.251437,2.003484,1.998299,-0.877006,1.284017,0.549258,1.877346,-3.414165,3.189868,-0.192913,0.25001,1.25931,0.588592,0.790732,1.174332,-3.262024,-0.477724,2.616111,-0.974524,-2.090786,-1.087539,0.093274,1.581357,0.279369,-0.318772
1.36952,1.548386,-5.538596,8.537328,-2.352916,5.562928,0.748388,0.590299,1.39779,-3.745853,2.469202,1.28788,-2.711589,5.557204,4.950768,0.364875,2.851479,10.930793,6.952325,0.249113,2.433116,1.923883,0.092465,2.081192,-0.750919,0.917256,1.145967,0.878713,3.657701,1.339822,1.018127
1.469878,3.490073,8.479933,-1.417448,0.617229,-1.314887,0.281033,0.798182,3.132516,0.610334,1.328905,5.434229,0.454763,2.319765,1.196575,0.617092,2.75607,21.463538,8.759483,1.977908,2.357211,4.826733,0.803182,3.436686,2.884435,2.645367,3.341453,0.206884,1.452006,12.348887,1.284409
1.577506,1.130794,-4.44687,-0.266127,0.075407,0.195792,0.440674,-1.588733,0.83365,1.943367,2.493065,1.968602,0.542895,-0.325928,-0.01391,1.086541,1.468022,-5.053528,6.196777,6.103782,1.263269,-0.661505,0.313754,12.947036,-0.695023,6.058648,4.197696,0.420468,-0.54944,1.738858,2.92647
1.692911,7.735291,8.935073,8.45403,0.266447,6.55357,1.652265,1.113013,8.28027,5.095652,1.160821,-2.586763,3.210802,2.347674,15.590466,1.734878,6.87559,-0.756435,4.020785,1.665349,2.486072,1.661798,1.084058,5.924347,0.612929,6.464822,-6.902133,2.583399,1.166151,1.040654,-0.683434
1.81663,38.09269,8.694172,0.983242,0.176883,0.218343,4.939972,0.289032,-2.166871,3.067978,3.420019,2.81755,2.186572,1.502706,4.822702,0.261418,-2.751409,2.257104,1.465621,2.793214,3.176604,4.654723,2.170142,4.717072,1.140061,-6.375016,-0.034878,-0.000614,3.748062,0.25488,-0.441832
1.949232,-10.735522,-0.11784,1.411743,1.044002,0.051827,0.018894,1.034229,-1.877143,4.690865,11.148482,14.275623,1.305099,-0.308408,2.458982,-0.089648,3.422332,4.711394,3.837433,4.476406,3.965946,3.864053,1.655186,10.060726,1.346451,10.376913,-0.044198,8.538867,3.410773,4.854346,-0.850734
2.091319,2.49686,7.215237,8.240171,0.549503,4.779868,15.624146,6.261814,4.266504,2.180342,-6.971395,-3.679964,-0.651643,1.137483,7.237347,0.030782,0.862078,10.792181,7.875823,-0.503942,6.97294,3.180508,5.824754,-1.553589,16.485218,3.635707,8.398303,-4.00468,0.392454,1.463612,0.487716
2.243524,-1.011172,4.710237,2.850656,0.145766,2.145797,-4.512414,-4.868511,1.76602,8.922849,2.358005,0.443587,7.199323,5.519334,2.745622,-0.419022,0.659783,7.808402,22.766313,-2.880951,3.386444,2.34771,3.285287,13.837714,-1.432367,0.978894,1.584601,3.011782,2.420255,41.849217,1.481509
2.389709,51.623672,0.06036,-0.675647,0.852376,4.032065,-2.07092,4.673356,5.01095,8.049068,6.107509,4.691129,3.213028,1.174756,7.829353,0.964286,5.379209,13.921749,18.274957,4.644432,6.851409,1.678212,13.934182,5.201844,-1.970951,0.621474,0.569234,1.367227,0.076407,6.64879,2.263115
2.545136,-18.39401,9.20128,8.219328,0.768113,6.598693,5.070185,2.726714,4.644897,0.607771,2.351334,11.585064,-2.697687,1.824319,3.991577,0.258058,3.422185,13.222237,4.911639,5.254226,5.00063,3.614454,8.409698,-2.062739,3.109793,4.31352,-0.23356,6.099218,1.746326,21.618215,3.03067
2.691478,2.169055,29.330209,6.286936,0.090312,-0.526537,3.348446,-1.895985,-3.237807,4.367422,1.191374,0.846322,4.030893,-0.813916,8.561197,3.538009,4.945274,15.041374,6.201657,-3.288051,14.742774,2.054179,9.046298,6.768531,2.915258,6.607625,12.767484,-5.449191,2.934994,10.791868,-1.426454
2.845921,2.87911,7.492813,5.837959,0.0574,-0.733858,19.488548,3.498975,1.503382,2.569935,7.256269,7.826218,2.851359,22.163908,7.009097,-0.118158,3.783782,5.554934,12.836929,8.572425,1.242854,4.947901,-4.659519,17.551852,1.507171,2.58321,3.903753,34.297745,6.478832,-0.840108,3.161627
2.988013,2.905574,13.555901,3.090795,-0.75381,5.681976,-8.893225,-2.844514,7.889021,6.493939,1.815015,4.752519,4.755779,-2.629582,11.719617,-1.044438,1.987639,22.475616,18.123623,8.206297,0.79976,0.73794,14.208895,10.242951,7.203731,7.354988,1.493905,9.324268,2.754758,7.149281,-0.908976
3.136877,5.706507,10.936459,3.785467,1.683329,17.242581,13.350385,0.472362,20.038103,4.907891,0.10543,8.176318,3.789411,3.433485,-3.417633,-1.146542,9.277577,25.792668,15.99666,5.246993,2.742665,4.388206,21.758722,5.672118,5.749792,-0.046068,-1.773528,-1.063723,6.37693,-1.588385,0.910965
3.292789,12.129779,5.841641,6.16393,1.347649,-1.860721,4.486099,-0.018136,-2.643473,4.296518,6.526541,1.357903,-0.196072,-0.342815,3.220358,8.004713,-1.753972,-1.682556,14.103467,0.769337,5.09244,5.336683,-1.779,-0.344149,13.545504,12.919343,19.54011,1.721954,3.782102,7.726631,0.230564
3.456027,8.908595,8.221072,6.805181,-0.812384,7.531468,9.535629,1.050062,-0.783317,4.829924,0.068807,12.487245,0.811864,3.328298,12.570083,0.208494,0.212949,11.195904,8.904288,-0.99404,6.505413,1.033693,4.480348,2.208421,27.651017,8.047506,11.948974,21.50489,-1.716711,19.347511,3.710116
3.60199,5.325363,10.295264,-2.25829,3.397491,1.675922,6.806975,1.146788,7.249108,4.654459,15.521113,-29.229551,4.924219,6.221317,-1.178687,3.130989,3.767446,16.66051,-3.93288,7.205933,8.167541,-3.436741,17.33408,11.139059,2.659768,6.955859,-6.669588,10.890644,4.710145,34.823011,1.267284
3.75372,9.606869,11.401571,19.868235,-1.141268,6.5941,8.499434,1.548625,12.021475,32.022583,4.631726,0.665948,10.021281,6.984561,18.166633,5.888053,11.481699,8.556722,5.193844,5.745558,-1.910261,5.677472,11.55115,40.130065,2.770667,2.093619,4.816825,6.36444,0.846633,4.495192,-0.44675
3.911395,0.820021,0.79162,7.849936,3.427477,22.503095,8.454052,5.308965,22.546485,3.499945,7.650316,14.178047,10.956689,8.08808,10.19557,-2.672461,11.602916,17.781426,13.720134,0.786355,9.833381,1.548003,10.676011,5.810782,28.102173,4.021275,14.38948,4.471172,11.349629,3.497692,-0.73752
4.047463,7.745248,20.096734,-2.999995,1.17171,1.826871,6.772816,-1.130932,-9.073346,-3.450448,-0.417867,2.456444,4.668544,5.174354,14.742868,1.315873,-0.622494,18.807794,24.73248,9.12455,1.522442,4.792444,10.234186,-1.231655,12.951737,9.381093,15.682834,6.774789,15.257394,19.312541,4.608577
4.216502,3.7453,15.264318,13.67971,0.341242,-3.237958,5.070558,3.612077,10.170932,3.853704,6.435513,-1.367862,8.498454,1.585748,6.723359,4.703978,0.642337,10.450032,2.802846,5.246915,6.23771,7.434299,8.125994,25.226561,6.922522,5.971651,-3.937188,8.204331,-0.899156,9.52549,0.325898
4.362285,3.715494,11.699347,-18.660275,3.541257,8.50414,3.383989,-4.098501,5.025672,13.895401,9.293337,0.495364,0.625108,1.119928,6.245883,-0.67719,15.301564,4.923302,13.981851,18.858123,7.159086,9.21882,9.775838,13.422092,8.674969,8.232589,6.128034,8.259031,1.692736,18.919726,0.107346
4.512646,9.045065,6.650126,2.985073,-1.317086,10.642184,10.346456,1.511842,7.054075,7.157188,11.071508,11.557974,0.286555,12.083818,0.087635,1.774433,5.470716,9.632245,19.495158,7.388738,1.388537,-3.735262,7.733248,-6.52583,4.22727,11.755596,0.062093,58.385492,3.590827,2.891329,0.85664
4.667682,13.062487,-4.291107,15.744442,2.468253,14.21284,-3.608839,9.027763,19.6062,16.440992,1.412413,-0.115669,3.773947,3.407817,16.87399,-0.225878,16.042818,7.002208,0.708808,-9.984662,5.277458,5.810329,11.614129,15.002709,15.144045,17.223107,15.323676,2.767776,0.04965,9.630949,1.009834
4.82749,15.395291,0.165889,3.849363,5.282958,3.364694,-2.588102,2.130546,12.507406,10.102707,14.402118,20.762153,11.174228,2.896498,21.083427,3.641688,2.684367,21.964601,-6.787003,5.412444,8.897934,-2.183202,11.690802,-2.555944,7.664436,3.980109,14.778952,-20.95241,3.44181,6.791109,0.825545
4.992162,11.927632,7.390516,37.307242,21.898837,-0.547422,10.94842,1.093229,10.580831,4.31295,4.300031,1.529489,9.695726,14.324875,15.392594,-0.236674,8.058943,16.599201,9.975847,12.676644,7.599704,2.148665,19.418014,13.921701,2.68537,7.697735,62.958073,12.542161,9.399034,4.089056,0.426146
5.127464,1.837348,2.727949,-22.578123,-7.133687,5.344668,16.581357,7.68949,5.941631,1.838678,4.450656,8.860161,1.533861,0.894575,-3.466525,8.025922,28.551268,13.083423,40.084343,3.923856,-1.030827,-1.326217,22.225278,22.996178,51.017488,2.745728,5.949703,5.817603,6.793686,32.353566,1.401078
5.301119,5.283735,15.618427,5.357894,3.393604,-0.881269,7.71804,1.900023,-6.957068,15.889452,8.291549,17.033043,5.36619,3.783769,27.437485,6.414135,30.604958,4.143888,14.570134,-4.927656,8.395797,2.760558,7.650658,35.986355,-1.370439,8.344168,-1.225518,28.296318,9.846884,5.335394,12.303835
5.443716,11.277728,12.587383,9.312377,4.60406,4.614297,11.703017,5.127904,-4.069515,10.097264,-0.68887,1.880661,1.268794,-2.393998,-7.325718,-1.425227,3.036131,16.417989,-3.947319,7.183556,1.994522,15.643353,23.220703,13.391749,15.317388,-4.078467,4.967138,3.387289,11.921428,12.204332,2.161045
5.589624,7.261096,-3.681755,15.312318,6.049484,9.082517,1.777005,14.298368,3.160396,2.424468,2.363941,0.153951,2.068061,3.595161,23.700515,5.276715,-1.74184,10.081819,1.776804,6.076643,-4.970655,9.991738,20.511392,15.65249,12.811189,-0.768952,21.765827,4.939515,12.020899,7.041838,2.482452
5.73888,8.833661,25.87505,17.168112,21.508069,12.992044,19.339808,22.208681,-8.205004,6.629323,3.870091,-5.62989,-3.043971,-4.845205,0.52301,1.686218,-0.942099,9.58659,15.756811,17.084464,-1.072925,5.014254,-6.053845,18.373909,6.295196,16.028365,38.0342,7.184861,10.058509,1.374713,1.22194
5.930215,5.871928,32.765483,18.094485,-0.988755,2.402163,11.999692,-0.803705,6.073255,9.905277,10.780736,3.988974,28.045639,9.061261,-1.01205,0.815533,0.255945,15.329678,14.01807,5.308873,9.789004,5.90996,12.934364,18.957987,6.802792,2.455681,32.851792,10.568221,9.044766,13.137316,2.668016
6.087135,4.326765,13.407151,7.658219,13.200711,12.58385,11.558288,-16.570904,-4.103179,11.054098,7.41259,26.915765,9.01497,11.930783,27.260467,4.90912,23.472026,5.32874,5.579363,-1.305059,2.676383,28.879219,16.262215,29.05662,4.730337,14.667781,5.653409,9.014574,-0.313255,20.247207,3.021266
6.207093,0.325445,-6.571489,15.138705,12.564158,6.291398,4.91129,5.327411,-1.811992,0.57613,18.747641,15.708763,-11.035698,-0.025426,-12.027176,11.646027,9.858148,16.191801,5.285927,13.001101,5.950347,-6.466032,4.818374,-8.356839,14.257583,-4.088931,-0.447108,15.653738,7.436975,-11.66478,0.521452
6.370084,13.257208,-12.169561,6.960193,0.016579,8.847593,23.552285,9.436923,7.564246,8.646167,17.078048,13.136227,-5.430953,8.99436,22.639378,6.339019,-8.630459,0.197227,16.663469,14.668357,4.207516,32.739673,22.606508,14.848041,22.365224,6.787437,0.745714,33.554462,18.657752,9.618612,2.636408
6.53658,6.197489,-0.338679,23.825841,-0.46616,6.791314,20.690495,3.183188,8.917956,6.364536,4.915094,1.956902,10.935762,47.144281,5.998004,7.237703,35.458659,5.504864,16.648326,1.26592,5.912443,19.814165,6.056607,19.081271,10.953481,-0.511509,15.753523,32.060384,-6.730774,-4.651656,13.668189
6.706604,-1.533956,14.229247,10.692337,4.463418,4.261238,-0.917201,4.959952,18.686589,7.047565,0.313208,6.604601,1.717225,-17.54056,15.290264,9.357631,30.062783,2.441925,7.4863,14.086262,2.635241,4.107311,-5.923101,9.02977,20.727943,12.892042,16.387543,16.941676,-3.378947,25.208758,8.564432
6.836449,15.946671,4.870621,-1.950838,4.529062,10.118897,-0.276168,4.673192,2.286393,13.862135,20.159478,24.109912,-3.985183,27.315218,-3.528103,29.853229,-2.283429,-3.720697,13.157989,-11.451374,-4.302955,-0.334033,3.257357,17.299273,8.407704,4.761246,17.381371,36.429923,-1.992941,12.233647,-3.583809
7.012693,5.360503,14.585839,22.670015,-3.973877,11.967147,-0.337832,1.365228,15.352361,8.382501,6.004672,15.415717,1.893187,8.73691,-11.666961,-4.007998,-16.377176,3.669736,6.430869,3.875384,0.382416,53.841401,3.615831,-2.215547,13.83536,7.350222,15.369064,18.182034,25.85781,8.057509,0.363328
7.147221,5.864169,37.104275,-24.30622,-0.394256,9.044596,4.042494,5.181359,-2.797449,13.121128,8.230024,1.465762,13.820411,-0.431442,-7.4974,3.601509,-11.263078,-5.550862,3.104537,6.7815,4.906877,32.97396,1.445047,31.747318,22.219345,6.967996,16.094335,11.454781,67.806078,-2.988983,6.759428
7.329727,15.751478,7.591064,17.316519,10.029041,16.559927,13.742124,7.247566,2.784199,16.744319,5.581285,1.474684,9.599399,12.821912,4.266484,15.444419,-2.878731,3.193,6.616661,-3.808784,0.760926,9.912669,4.570911,5.921449,15.911644,14.37362,16.780244,8.573448,-25.330461,5.776039,18.774838
7.468963,30.633655,-13.429315,13.100489,22.125701,14.537509,29.407907,7.291951,-0.534928,1.84995,0.107172,11.13526,9.370088,10.761884,8.599805,11.128609,25.403315,6.440424,10.623953,-3.486389,6.391003,19.253206,3.566247,12.932621,2.942488,9.355546,11.388219,3.116981,-12.478631,8.895242,6.163134
7.657754,-2.769471,15.442452,2.998106,2.521285,11.960477,4.976111,5.507539,9.026506,19.51935,5.357193,10.980256,10.629634,6.864762,7.541793,-8.922055,5.132185,9.59057,4.281516,10.101196,4.3124,22.878662,9.810876,3.647259,9.539424,1.004152,12.897948,20.517906,-0.085291,10.79075,-33.104915
7.801707,16.616986,26.939742,24.682175,27.701305,9.733868,15.931743,1.676731,-0.297552,13.258005,6.77866,7.64226,16.548669,9.566467,5.288156,-1.297899,28.891791,17.47324,6.098092,3.790042,8.732277,31.821183,6.531115,-13.992181,12.083441,6.672711,16.310472,9.384359,52.347187,20.568563,0.24097
7.94768,-11.334602,-3.229231,12.591174,11.518565,11.497498,23.549083,6.523703,7.047391,17.134019,21.230208,3.035033,7.680126,16.38606,-2.6698,-2.28742,24.228591,24.903779,10.257854,-1.059321,8.220602,-27.66031,10.737398,6.223215,-1.368293,0.435945,24.178472,21.440791,-5.62749,-0.928023,14.570049
8.095671,2.741159,5.867483,23.729994,-13.422212,22.808849,10.199208,1.63642,-12.808201,-9.307874,7.689037,7.332957,3.727663,3.520285,3.818602,9.069871,1.45682,5.891369,7.258359,8.4709,4.982067,14.669525,18.773516,27.89487,15.504766,5.430997,19.248045,-0.312002,57.970727,-2.648987,5.111276
8.296127,-2.221124,28.591683,24.756093,-1.138236,18.323562,-9.955952,1.551691,4.652422,15.786558,5.990943,1.324676,5.556548,10.457687,6.395529,15.479854,-9.390947,13.584721,11.100724,10.542127,-3.543242,11.251745,1.322385,20.046027,-3.680342,-1.667049,4.42759,13.908815,12.025701,11.484727,23.307757
8.448812,3.525246,-2.630028,-15.210173,15.775583,15.479079,11.879283,8.113926,15.564284,-11.717657,4.986225,-4.624989,9.496362,7.363082,-0.799662,10.891554,9.15712,3.069751,7.579347,5.135015,3.52796,13.07414,8.452269,13.097934,4.313,-0.317805,13.4475,8.766102,1.663607,-1.216364,15.101254
8.603499,6.616963,21.806476,30.75272,7.080693,6.06074,-3.486724,7.109829,8.828207,19.131469,12.304963,12.45055,0.881278,-1.987991,3.887987,9.291753,1.580119,25.951183,22.090776,10.004158,1.714395,36.655557,6.905645,6.02027,-4.165408,8.793468,19.322369,28.135468,24.014908,13.796782,3.132617
8.760179,-0.394973,-15.128429,7.972546,37.64897,3.365285,25.151228,-1.554968,9.166773,3.830677,7.629905,24.177284,6.135006,17.697777,37.784267,4.166662,11.98975,11.398543,12.694271,27.119241,4.585938,6.399085,8.822264,12.473301,-8.400544,5.67344,16.4437,-3.945051,13.21849,2.389364,15.980564
8.918845,4.055792,19.972476,12.890657,24.982524,19.689964,-12.329811,-0.328641,1.483676,1.348603,1.918622,-0.633314,21.092139,6.017419,23.839082,9.683335,6.592379,7.523707,15.576276,-55.59422,-9.85982,2.199584,-1.18831,48.968165,4.528426,1.423757,12.668753,22.216367,31.23667,-1.896901,3.205486
9.079485,4.429058,5.393951,-13.392293,-1.324917,11.798017,7.977658,5.462358,-5.929091,16.123964,7.661787,5.39068,4.097577,0.90828,30.061668,0.688161,9.847942,15.993127,8.261531,23.328721,3.869245,25.546238,1.048408,11.287599,-4.74277,-1.039218,7.024884,6.463291,15.240942,-0.690016,16.339654
9.242088,4.518978,-0.795633,18.480896,13.062356,24.425073,6.026295,-3.718934,2.213119,9.488548,13.444357,5.800652,5.096577,7.486215,61.070037,13.570332,3.377188,3.950221,-4.553354,13.700549,-4.662013,1.490472,3.927531,31.357612,2.023555,11.302027,13.122205,5.459979,11.873923,13.117605,4.731661
9.406642,1.315855,46.121799,7.080341,-1.638929,3.317816,-0.157333,-0.988892,-3.599101,2.299815,5.694969,-32.604982,-2.327822,2.190947,47.254973,11.607864,13.63798,0.387827,9.9732,35.700221,5.351765,-0.368219,2.756778,5.290427,4.59381,3.049339,19.525364,3.909346,29.957382,-7.014097,-13.565088
9.573131,9.281488,8.468823,9.077895,9.027085,17.464538,8.188078,1.902974,-7.118741,2.75739,9.365511,3.611527,8.998603,20.074936,13.587114,14.039689,5.557814,9.290763,4.625748,28.758533,-3.791917,-7.948057,10.196194,12.779673,-2.435181,-3.969721,26.581108,18.325907,31.718315,-35.105182,12.912204
9.741542,-0.950388,-18.387307,-3.45711,0.284097,23.965021,-4.450046,32.247969,-7.526446,1.208965,3.299294,9.467721,0.764802,15.918134,-5.356562,1.649144,6.724085,2.957401,18.424188,2.991587,12.774379,5.808477,5.302924,5.061196,1.676541,10.224663,11.870115,17.519121,5.424876,-2.33577,15.465052
9.854875,-10.897398,0.771847,20.542436,2.132188,7.035859,3.28902,9.234663,3.922334,10.964506,5.25443,10.452672,6.81435,4.504728,-6.279278,11.318936,7.860213,14.460457,-5.646019,18.205973,-3.453837,16.106765,18.074031,9.813086,5.83851,-10.485194,33.97391,13.430035,26.461821,110.994038,22.588485
10.02645,10.613902,17.556739,7.844676,7.929979,6.876099,-0.905609,18.938715,0.549126,8.509333,11.753041,-2.410365,10.765644,7.965413,27.049021,16.453312,6.533823,10.928452,14.404561,16.67968,-0.667182,7.063227,8.803319,-10.783291,3.484684,-3.054079,27.474519,12.418001,42.839403,-19.902989,-1.267664
10.199899,2.01799,33.160659,9.851011,10.905651,-5.734459,1.299843,17.986831,21.035108,2.93966,-2.64794,7.569506,36.791229,4.991256,8.900332,4.040407,8.820378,-3.623581,16.836448,9.89532,9.328764,13.378063,3.011127,4.913848,-9.354238,3.215569,7.621371,19.614771,6.048551,-15.145277,-6.690419
10.375205,2.773396,-14.754554,7.59444,24.909841,-1.428684,4.986101,19.069345,9.953035,6.77213,7.76367,-0.002721,11.387526,-0.828936,10.103708,-3.916886,10.910315,6.815394,18.899249,21.094457,0.48005,17.791005,18.022367,-2.72175,16.310211,2.750854,20.039561,9.192915,21.113608,9.89624,15.650036
10.552345,-1.469471,0.657595,-3.595862,9.214488,14.559576,6.406148,-6.937646,5.184624,2.623716,9.221434,5.475686,-1.161663,11.951032,-14.470008,15.277505,2.826961,1.614773,6.526562,-4.917457,-5.530804,-7.263013,-3.819885,4.433596,4.623174,3.712194,-5.320702,2.891739,14.655978,8.250629,10.883563
10.671447,3.522025,25.023363,14.409719,-17.652133,-3.448698,4.878524,10.751134,1.968796,-9.582298,18.0684,4.429576,26.5379,15.604285,-5.417455,21.867132,13.448283,3.980604,15.524779,1.935653,-15.832816,8.627911,20.634467,22.427538,19.979443,6.379036,12.000121,26.732135,20.607011,7.981005,-2.889973
10.851597,1.336148,6.89688,-8.472523,-8.332367,-1.454209,-0.14399,25.806314,4.388744,-5.443627,3.417069,-2.168607,9.070272,-0.970797,2.837361,-10.475315,-2.725526,8.455417,15.916586,17.567558,5.130898,20.742525,1.447102,11.986235,-3.687413,-3.173668,-6.378192,2.585846,3.286908,2.856695,0.531382
11.033523,0.694659,13.157768,8.389237,11.533392,4.228943,-1.97421,3.208614,6.47511,0.16478,4.324295,2.740175,8.067502,11.450312,31.06998,10.288883,0.496246,5.11092,9.565452,8.011293,-0.268866,-7.908201,1.224089,-2.290804,-10.219662,4.568014,1.918169,8.356902,3.474506,7.495455,6.151881
11.155782,4.950164,34.521962,-0.626826,4.735199,-8.366596,0.917611,-4.627805,4.115894,-8.257812,10.685211,-2.442946,18.941262,4.545333,11.233238,21.4599,1.319668,0.606174,3.81207,7.090051,3.979062,-14.851258,6.36314,6.126192,0.237238,-1.032403,-4.50113,2.302586,13.465458,0.709881,26.933136
11.340614,4.43355,7.711406,12.587459,52.210538,12.025979,-6.799968,10.59417,0.208616,0.683554,-0.292523,0.555824,4.406077,6.402005,9.811553,7.134931,-0.949057,-2.311707,0.300087,2.875543,25.686784,7.232223,0.854046,-0.6058,12.616278,3.899271,2.317203,8.026546,14.147844,3.027928,16.201447
11.527156,-1.305679,-6.030784,16.962274,-47.86647,13.756805,2.421015,10.937734,1.135501,1.152445,6.637965,-0.434778,-2.408558,-1.57029,16.674449,-2.378464,0.357236,6.318306,12.000453,-8.90942,-3.642346,3.23775,3.594616,-3.554215,-3.770468,8.051391,8.456019,6.320916,23.488835,0.273032,-1.298499
11.652454,-0.20115,-13.272191,1.427273,-10.724713,-4.264761,2.623639,59.046444,2.655434,-7.277342,6.427955,-1.834099,19.763663,-0.40327,13.049023,-1.783176,-4.134826,10.803276,6.577806,8.322144,11.580614,20.954065,-6.114243,7.546026,-12.94472,4.119306,14.585624,-0.85265,-2.290242,7.358017,1.686734
11.841788,-0.5656,-3.733987,5.193217,2.791262,4.603166,-6.439496,-53.080007,2.551829,-0.434178,15.759002,51.089777,33.503824,5.008336,17.719476,19.286591,3.200133,12.25682,14.721653,11.881549,11.933579,-3.664837,7.432538,1.238588,13.330385,-5.301796,28.379984,4.185971,4.533618,1.33891,18.79273
11.968923,-1.235342,-4.565597,14.024246,28.532925,8.95105,4.256882,-2.877318,1.616228,5.178293,1.500031,4.660961,-5.198358,12.094812,21.509855,1.324732,16.286978,4.497433,-16.509572,4.011931,2.111409,19.74038,-2.065641,-0.741066,2.594535,5.341389,4.509303,-2.38901,3.519256,5.028223,-6.741614
12.160973,0.402725,-0.837441,-0.020586,28.302932,4.469115,5.573522,2.618523,-2.55285,1.3788,4.546159,-8.275845,-3.103971,4.08547,39.137857,-3.135205,0.085442,10.489503,-4.997541,8.536204,6.248417,14.335899,1.71718,-0.267406,9.444951,-2.144645,2.034477,14.358494,-0.617395,-3.788924,7.883244
12.354616,-0.893216,1.151489,-6.307857,21.714568,0.975732,3.294468,14.935114,0.104922,3.747792,5.225041,6.02127,15.064847,12.813976,5.597821,1.274424,5.814286,0.894934,5.734995,2.581138,9.870191,3.096844,2.620608,0.407437,4.8316,6.866624,3.92497,4.335176,16.928596,2.605356,1.436107
12.484582,0.607535,-6.57941,-2.195816,10.102866,-0.143037,-1.513411,12.613358,1.892616,2.408052,2.164493,10.093167,8.4118,-1.456758,14.329298,4.409014,3.503642,-2.665824,-12.91175,0.595831,9.36647,-2.669546,1.343946,3.941761,8.720033,-4.52319,0.705517,-6.692385,16.501735,2.111223,-3.401358
12.680815,-0.473686,-4.135107,8.504083,18.305037,-0.303152,8.323014,5.336739,0.958158,6.286548,9.581269,14.409289,-1.036404,2.7107,28.487937,1.279698,9.631559,-2.401444,0.323248,10.047663,10.941853,23.7703,2.067643,2.300511,5.055118,-1.682851,0.476977,-6.023821,2.74387,4.893374,2.74474
12.81248,-1.312815,12.822042,-8.741626,-1.02015,4.287769,0.104098,26.80898,0.133007,-2.097368,0.166603,0.679335,-3.070763,5.895168,12.254207,43.726665,1.764375,-3.258841,-0.728947,5.788821,-3.73158,19.305214,6.21985,3.288755,-1.361223,5.799517,11.407785,8.402864,-8.052602,9.590985,-6.444555
13.011221,-0.878194,1.449729,12.319088,17.008049,-2.667115,0.704349,18.599866,5.635502,1.203041,8.701688,2.833462,15.800426,6.087333,8.571487,-13.462483,1.266864,4.808202,-3.500925,2.519861,10.260366,9.269976,3.802964,1.087527,2.691769,8.87396,4.071971,3.058155,3.964183,6.435606,9.116999
13.14453,0.146392,-13.464378,-9.444643,25.15544,3.589078,-0.342187,10.998901,3.950456,1.063953,18.60297,4.291256,2.257358,2.223831,9.912476,7.916501,-3.195146,8.647434,0.96234,-19.490217,14.915063,8.462276,0.796962,-3.046318,-2.903574,11.417076,-3.881575,7.653489,5.102843,-2.746275,4.024995
13.345696,-0.965442,-2.274426,7.588037,23.647551,5.402782,-2.752426,2.148022,5.219862,3.191991,2.000133,-2.136914,5.098731,-2.312003,5.882626,0.417789,12.182268,1.202671,-0.255189,9.885394,-1.207982,4.313782,-2.603275,4.442946,-7.423681,-14.677518,9.762087,2.313289,7.546629,1.27861,1.545445
13.480594,46.553685,11.170215,-5.526885,2.356414,16.394841,3.401662,1.750082,-1.945666,3.683711,3.985114,-0.864752,5.475416,5.563747,-0.103071,-1.489584,4.360098,7.277435,-2.56911,10.499558,-5.98197,-7.402928,1.962286,3.248297,-5.60324,7.756697,12.695599,-5.785751,5.254045,-0.932658,12.603982
13.6841,8.957056,9.544933,3.263613,-1.989868,6.514268,0.366327,20.042549,-3.333943,1.482926,1.886756,-2.642787,9.535213,8.008685,-4.675526,10.963697,-1.731811,6.020984,-1.817933,-7.893489,16.308604,9.306211,0.976155,2.669509,0.515777,4.603628,6.717143,7.455404,5.767926,3.615014,-9.533208
13.82053,10.798311,-0.92037,-1.377288,28.230188,-0.18105,3.790254,9.956783,5.137788,1.229458,2.891072,10.340681,10.85442,8.625003,2.439488,5.799856,1.847919,0.073017,-2.650119,7.300296,2.951015,-5.231889,-0.145921,4.964979,4.895202,8.16278,15.398617,3.771295,6.559216,1.825403,-1.805287
